日期,周几,最高气温,最低气温,天气,风向,风级,湿度
2024-03-01,星期五,9℃,8℃,阴,东南风,2级,92.3%
2024-03-02,星期六,15℃,8℃,多云,东南风,1级,65.2%
2024-03-03,星期日,17℃,11℃,阴~多云,东北风,2级,50.1%
2024-03-04,星期一,14℃,12℃,阴~多云,东北风,1级,63.3%
2024-03-05,星期二,15℃,12℃,阴~小雨,西北风,1级,95.2%
2024-03-06,星期三,13℃,12℃,阴~小雨,北风,微,98.5%
2024-03-07,星期四,14℃,11℃,阴~小雨,东北风,1级,98.2%
2024-03-08,星期五,15℃,12℃,阴,东北风,2级,67.0%
2024-03-09,星期六,15℃,12℃,阴,东南风,1级,22.2%
2024-03-10,星期日,15℃,10℃,阴~多云,东北风,1级,42.0%
2024-03-11,星期一,23℃,12℃,阴~多云,东风,1级,42.6%
2024-03-12,星期二,15℃,14℃,阴~小雨,东北风,1级,83.1%
2024-03-13,星期三,20℃,13℃,阴,西南风,1级,25.2%
2024-03-14,星期四,21℃,15℃,阴,东风,1级,50.2%
2024-03-15,星期五,21℃,16℃,阴~多云,东北风,2级,46.5%
2024-03-16,星期六,23℃,16℃,阴~小雨,东北风,1级,99.2%
2024-03-17,星期日,21℃,15℃,阴~小雨,西北风,1级,86.8%
2024-03-18,星期一,19℃,12℃,小雨~多云,西北风,2级,95.7%
2024-03-19,星期二,17℃,14℃,阴~多云,东南风,1级,43.0%
2024-03-20,星期三,20℃,15℃,阴~多云,东南风,微,67.0%
2024-03-21,星期四,24℃,15℃,阴~多云,南风,1级,65.0%
2024-03-22,星期五,26℃,15℃,阴~多云,东北风,1级,45.7%
2024-03-23,星期六,29℃,18℃,阴~多云,西南风,微,56.1%
2024-03-24,星期日,29℃,15℃,晴~小雨,西北风,2级,82.3%
2024-03-25,星期一,25℃,15℃,阴~多云,西北风,1级,41.2%
2024-03-26,星期二,21℃,17℃,阴~小雨,东北风,2级,85.6%
2024-03-27,星期三,23℃,15℃,阴~多云,东北风,2级,56.3%
2024-03-28,星期四,26℃,14℃,多云~晴,东风,1级,20.9%
2024-03-29,星期五,28℃,16℃,阴~晴,东风,1级,36.6%
2024-03-30,星期六,24℃,16℃,阴~多云,西北风,1级,50.4%
2024-03-31,星期日,28℃,19℃,多云~中雨,东北风,2级,91.1%
