日期,周几,最高气温,最低气温,天气,风向,风级,湿度,比赛城市,比赛ID,主客场,球员,位置,跑动(km),射门,射正,传球成功率,抢断,评分,海拔(m),气候压力指数,血氧值
2024-05-03,星期五,28.0℃,13.0℃,晴,南风,2级,16.1%,哈尔滨,SIM_22,客场,模拟球员1,门将,11.8,0,3,80%,4,7.2,150.0,0.0495075,90.71
2024-05-03,星期五,28.0℃,13.0℃,晴,南风,2级,16.1%,哈尔滨,SIM_22,客场,模拟球员2,门将,10.0,3,0,90%,6,7.9,150.0,0.0495075,91.25
2024-05-03,星期五,28.0℃,13.0℃,晴,南风,2级,16.1%,哈尔滨,SIM_22,客场,模拟球员3,中场,11.7,3,0,65%,1,7.0,150.0,0.0495075,90.74
2024-05-03,星期五,28.0℃,13.0℃,晴,南风,2级,16.1%,哈尔滨,SIM_22,客场,模拟球员4,后卫,11.4,1,2,90%,5,6.2,150.0,0.0495075,90.83
2024-05-03,星期五,28.0℃,13.0℃,晴,南风,2级,16.1%,哈尔滨,SIM_22,客场,模拟球员5,门将,9.8,0,2,87%,4,8.1,150.0,0.0495075,91.31
2024-05-03,星期五,28.0℃,13.0℃,晴,南风,2级,16.1%,哈尔滨,SIM_22,客场,模拟球员6,后卫,11.5,3,2,73%,4,8.1,150.0,0.0495075,90.8
2024-05-03,星期五,28.0℃,13.0℃,晴,南风,2级,16.1%,哈尔滨,SIM_22,客场,模拟球员7,中场,10.0,3,2,81%,0,6.3,150.0,0.0495075,91.25
2024-05-03,星期五,28.0℃,13.0℃,晴,南风,2级,16.1%,哈尔滨,SIM_22,客场,模拟球员8,前锋,11.0,4,3,69%,6,6.6,150.0,0.0495075,90.95
2024-05-03,星期五,28.0℃,13.0℃,晴,南风,2级,16.1%,哈尔滨,SIM_22,客场,模拟球员9,前锋,8.6,2,1,89%,4,8.7,150.0,0.0495075,91.67
2024-05-15,星期三,17.0℃,5.0℃,阴~晴,西北风,3级,30.3%,哈尔滨,SIM_26,客场,模拟球员1,前锋,10.6,3,1,80%,1,6.4,150.0,0.049995,91.07
2024-05-15,星期三,17.0℃,5.0℃,阴~晴,西北风,3级,30.3%,哈尔滨,SIM_26,客场,模拟球员2,中场,12.3,2,2,79%,3,8.3,150.0,0.049995,90.56
2024-05-15,星期三,17.0℃,5.0℃,阴~晴,西北风,3级,30.3%,哈尔滨,SIM_26,客场,模拟球员3,后卫,11.8,2,2,68%,5,8.0,150.0,0.049995,90.71
2024-05-15,星期三,17.0℃,5.0℃,阴~晴,西北风,3级,30.3%,哈尔滨,SIM_26,客场,模拟球员4,后卫,9.6,5,3,90%,1,8.0,150.0,0.049995,91.37
2024-05-15,星期三,17.0℃,5.0℃,阴~晴,西北风,3级,30.3%,哈尔滨,SIM_26,客场,模拟球员5,中场,9.0,3,3,78%,6,8.2,150.0,0.049995,91.55
2024-05-15,星期三,17.0℃,5.0℃,阴~晴,西北风,3级,30.3%,哈尔滨,SIM_26,客场,模拟球员6,前锋,12.3,2,2,77%,2,8.5,150.0,0.049995,90.56
2024-05-15,星期三,17.0℃,5.0℃,阴~晴,西北风,3级,30.3%,哈尔滨,SIM_26,客场,模拟球员7,中场,10.9,2,3,70%,4,6.6,150.0,0.049995,90.98
2024-05-15,星期三,17.0℃,5.0℃,阴~晴,西北风,3级,30.3%,哈尔滨,SIM_26,客场,模拟球员8,前锋,9.1,0,3,87%,2,8.3,150.0,0.049995,91.52
2024-05-15,星期三,17.0℃,5.0℃,阴~晴,西北风,3级,30.3%,哈尔滨,SIM_26,客场,模拟球员9,后卫,11.0,3,0,84%,4,6.6,150.0,0.049995,90.95
2024-03-16,星期六,11.0℃,2.0℃,阴~多云,西南风,3级,45.3%,大连,SIM_6,客场,模拟球员1,门将,12.1,5,1,86%,0,8.8,93.0,0.027383849999999998,90.9
2024-03-16,星期六,11.0℃,2.0℃,阴~多云,西南风,3级,45.3%,大连,SIM_6,客场,模拟球员2,后卫,11.9,1,0,89%,3,7.1,93.0,0.027383849999999998,90.96
2024-03-16,星期六,11.0℃,2.0℃,阴~多云,西南风,3级,45.3%,大连,SIM_6,客场,模拟球员3,中场,9.0,5,0,70%,4,6.7,93.0,0.027383849999999998,91.84
2024-03-16,星期六,11.0℃,2.0℃,阴~多云,西南风,3级,45.3%,大连,SIM_6,客场,模拟球员4,后卫,8.7,2,2,87%,2,6.3,93.0,0.027383849999999998,91.92
2024-03-16,星期六,11.0℃,2.0℃,阴~多云,西南风,3级,45.3%,大连,SIM_6,客场,模拟球员5,后卫,8.8,5,2,73%,6,6.0,93.0,0.027383849999999998,91.9
2024-03-16,星期六,11.0℃,2.0℃,阴~多云,西南风,3级,45.3%,大连,SIM_6,客场,模拟球员6,中场,9.2,4,2,85%,0,6.3,93.0,0.027383849999999998,91.78
2024-03-16,星期六,11.0℃,2.0℃,阴~多云,西南风,3级,45.3%,大连,SIM_6,客场,模拟球员7,门将,9.3,1,1,79%,0,8.8,93.0,0.027383849999999998,91.74
2024-03-16,星期六,11.0℃,2.0℃,阴~多云,西南风,3级,45.3%,大连,SIM_6,客场,模拟球员8,前锋,11.6,4,3,87%,0,8.5,93.0,0.027383849999999998,91.06
2024-03-16,星期六,11.0℃,2.0℃,阴~多云,西南风,3级,45.3%,大连,SIM_6,客场,模拟球员9,门将,11.0,4,1,83%,4,7.3,93.0,0.027383849999999998,91.24
2024-03-22,星期五,13.0℃,3.0℃,阴~晴,南风,1级,15.9%,大连,SIM_8,客场,模拟球员1,前锋,9.9,3,2,81%,1,8.2,93.0,0.011829600000000001,91.56
2024-03-22,星期五,13.0℃,3.0℃,阴~晴,南风,1级,15.9%,大连,SIM_8,客场,模拟球员2,前锋,8.7,4,3,90%,0,8.7,93.0,0.011829600000000001,91.92
2024-03-22,星期五,13.0℃,3.0℃,阴~晴,南风,1级,15.9%,大连,SIM_8,客场,模拟球员3,门将,8.8,0,3,84%,3,8.1,93.0,0.011829600000000001,91.9
2024-03-22,星期五,13.0℃,3.0℃,阴~晴,南风,1级,15.9%,大连,SIM_8,客场,模拟球员4,中场,10.9,0,1,90%,2,8.4,93.0,0.011829600000000001,91.26
2024-03-22,星期五,13.0℃,3.0℃,阴~晴,南风,1级,15.9%,大连,SIM_8,客场,模拟球员5,前锋,10.1,1,0,87%,4,7.2,93.0,0.011829600000000001,91.5
2024-03-22,星期五,13.0℃,3.0℃,阴~晴,南风,1级,15.9%,大连,SIM_8,客场,模拟球员6,后卫,12.2,2,0,76%,3,6.7,93.0,0.011829600000000001,90.88
2024-03-22,星期五,13.0℃,3.0℃,阴~晴,南风,1级,15.9%,大连,SIM_8,客场,模拟球员7,中场,11.5,0,2,80%,1,7.1,93.0,0.011829600000000001,91.08
2024-03-22,星期五,13.0℃,3.0℃,阴~晴,南风,1级,15.9%,大连,SIM_8,客场,模拟球员8,后卫,11.0,2,2,77%,1,6.1,93.0,0.011829600000000001,91.24
2024-03-22,星期五,13.0℃,3.0℃,阴~晴,南风,1级,15.9%,大连,SIM_8,客场,模拟球员9,前锋,12.3,5,1,76%,1,7.5,93.0,0.011829600000000001,90.84
2024-05-27,星期一,31.0℃,24.0℃,大雨~暴雨,西南风,3级,88.8%,广州,SIM_30,客场,模拟球员1,前锋,9.1,3,2,81%,5,8.6,11.0,0.026862,92.21
2024-05-27,星期一,31.0℃,24.0℃,大雨~暴雨,西南风,3级,88.8%,广州,SIM_30,客场,模拟球员2,门将,10.3,4,2,82%,4,8.1,11.0,0.026862,91.85
2024-05-27,星期一,31.0℃,24.0℃,大雨~暴雨,西南风,3级,88.8%,广州,SIM_30,客场,模拟球员3,门将,9.9,2,3,78%,6,8.6,11.0,0.026862,91.98
2024-05-27,星期一,31.0℃,24.0℃,大雨~暴雨,西南风,3级,88.8%,广州,SIM_30,客场,模拟球员4,中场,12.3,1,0,88%,2,7.7,11.0,0.026862,91.26
2024-05-27,星期一,31.0℃,24.0℃,大雨~暴雨,西南风,3级,88.8%,广州,SIM_30,客场,模拟球员5,门将,9.3,2,3,88%,0,6.1,11.0,0.026862,92.15
2024-05-27,星期一,31.0℃,24.0℃,大雨~暴雨,西南风,3级,88.8%,广州,SIM_30,客场,模拟球员6,后卫,8.9,4,1,87%,4,7.9,11.0,0.026862,92.28
2024-05-27,星期一,31.0℃,24.0℃,大雨~暴雨,西南风,3级,88.8%,广州,SIM_30,客场,模拟球员7,中场,10.5,0,3,67%,4,7.8,11.0,0.026862,91.79
2024-05-27,星期一,31.0℃,24.0℃,大雨~暴雨,西南风,3级,88.8%,广州,SIM_30,客场,模拟球员8,前锋,10.9,0,3,86%,5,7.2,11.0,0.026862,91.68
2024-05-27,星期一,31.0℃,24.0℃,大雨~暴雨,西南风,3级,88.8%,广州,SIM_30,客场,模拟球员9,后卫,9.3,0,2,75%,1,8.0,11.0,0.026862,92.15
2024-03-28,星期四,28.0℃,13.0℃,晴,西南风,2级,32.8%,成都,SIM_10,客场,模拟球员1,门将,9.9,2,1,78%,6,8.3,500.0,0.3362,89.53
2024-03-28,星期四,28.0℃,13.0℃,晴,西南风,2级,32.8%,成都,SIM_10,客场,模拟球员2,后卫,11.5,4,1,68%,3,7.1,500.0,0.3362,89.05
2024-03-28,星期四,28.0℃,13.0℃,晴,西南风,2级,32.8%,成都,SIM_10,客场,模拟球员3,后卫,8.9,2,3,86%,6,8.7,500.0,0.3362,89.83
2024-03-28,星期四,28.0℃,13.0℃,晴,西南风,2级,32.8%,成都,SIM_10,客场,模拟球员4,门将,11.5,1,1,74%,5,7.5,500.0,0.3362,89.05
2024-03-28,星期四,28.0℃,13.0℃,晴,西南风,2级,32.8%,成都,SIM_10,客场,模拟球员5,后卫,12.3,1,0,82%,5,7.3,500.0,0.3362,88.81
2024-03-28,星期四,28.0℃,13.0℃,晴,西南风,2级,32.8%,成都,SIM_10,客场,模拟球员6,前锋,10.0,2,0,70%,5,7.4,500.0,0.3362,89.5
2024-03-28,星期四,28.0℃,13.0℃,晴,西南风,2级,32.8%,成都,SIM_10,客场,模拟球员7,门将,11.2,5,1,70%,6,8.7,500.0,0.3362,89.14
2024-03-28,星期四,28.0℃,13.0℃,晴,西南风,2级,32.8%,成都,SIM_10,客场,模拟球员8,前锋,9.9,0,3,85%,1,8.7,500.0,0.3362,89.53
2024-03-28,星期四,28.0℃,13.0℃,晴,西南风,2级,32.8%,成都,SIM_10,客场,模拟球员9,前锋,10.2,1,1,88%,2,8.6,500.0,0.3362,89.44
2024-04-15,星期一,32.0℃,18.0℃,多云~中雨,东北风,2级,94.4%,成都,SIM_16,客场,模拟球员1,后卫,11.9,0,0,79%,3,7.7,500.0,1.18,88.93
2024-04-15,星期一,32.0℃,18.0℃,多云~中雨,东北风,2级,94.4%,成都,SIM_16,客场,模拟球员2,门将,9.5,2,2,74%,5,8.5,500.0,1.18,89.65
2024-04-15,星期一,32.0℃,18.0℃,多云~中雨,东北风,2级,94.4%,成都,SIM_16,客场,模拟球员3,门将,11.6,1,2,88%,1,8.9,500.0,1.18,89.02
2024-04-15,星期一,32.0℃,18.0℃,多云~中雨,东北风,2级,94.4%,成都,SIM_16,客场,模拟球员4,前锋,9.2,4,0,84%,1,8.5,500.0,1.18,89.74
2024-04-15,星期一,32.0℃,18.0℃,多云~中雨,东北风,2级,94.4%,成都,SIM_16,客场,模拟球员5,后卫,9.5,3,2,80%,2,8.1,500.0,1.18,89.65
2024-04-15,星期一,32.0℃,18.0℃,多云~中雨,东北风,2级,94.4%,成都,SIM_16,客场,模拟球员6,后卫,10.0,4,0,86%,3,6.0,500.0,1.18,89.5
2024-04-15,星期一,32.0℃,18.0℃,多云~中雨,东北风,2级,94.4%,成都,SIM_16,客场,模拟球员7,门将,11.6,1,3,67%,3,7.8,500.0,1.18,89.02
2024-04-15,星期一,32.0℃,18.0℃,多云~中雨,东北风,2级,94.4%,成都,SIM_16,客场,模拟球员8,前锋,8.8,3,2,68%,1,6.4,500.0,1.18,89.86
2024-04-15,星期一,32.0℃,18.0℃,多云~中雨,东北风,2级,94.4%,成都,SIM_16,客场,模拟球员9,门将,9.1,5,1,71%,1,6.7,500.0,1.18,89.77
2024-03-10,星期日,19.0℃,7.0℃,雾~多云,东南风,2级,75.4%,武汉,SIM_4,客场,模拟球员1,后卫,9.2,2,1,73%,4,8.6,23.3,0.022838660000000004,92.12
2024-03-10,星期日,19.0℃,7.0℃,雾~多云,东南风,2级,75.4%,武汉,SIM_4,客场,模拟球员2,中场,12.3,4,1,78%,1,7.3,23.3,0.022838660000000004,91.19
2024-03-10,星期日,19.0℃,7.0℃,雾~多云,东南风,2级,75.4%,武汉,SIM_4,客场,模拟球员3,后卫,11.1,4,1,80%,6,7.0,23.3,0.022838660000000004,91.55
2024-03-10,星期日,19.0℃,7.0℃,雾~多云,东南风,2级,75.4%,武汉,SIM_4,客场,模拟球员4,中场,10.0,3,0,77%,1,8.7,23.3,0.022838660000000004,91.88
2024-03-10,星期日,19.0℃,7.0℃,雾~多云,东南风,2级,75.4%,武汉,SIM_4,客场,模拟球员5,后卫,11.3,2,0,75%,4,6.4,23.3,0.022838660000000004,91.49
2024-03-10,星期日,19.0℃,7.0℃,雾~多云,东南风,2级,75.4%,武汉,SIM_4,客场,模拟球员6,中场,9.7,4,3,88%,5,8.7,23.3,0.022838660000000004,91.97
2024-03-10,星期日,19.0℃,7.0℃,雾~多云,东南风,2级,75.4%,武汉,SIM_4,客场,模拟球员7,后卫,8.7,2,1,84%,6,8.8,23.3,0.022838660000000004,92.27
2024-03-10,星期日,19.0℃,7.0℃,雾~多云,东南风,2级,75.4%,武汉,SIM_4,客场,模拟球员8,中场,9.9,0,1,87%,5,8.9,23.3,0.022838660000000004,91.91
2024-03-10,星期日,19.0℃,7.0℃,雾~多云,东南风,2级,75.4%,武汉,SIM_4,客场,模拟球员9,中场,10.6,4,1,79%,2,6.1,23.3,0.022838660000000004,91.7
2024-04-09,星期二,23.0℃,14.0℃,阴~晴,东南风,3级,7.8%,武汉,SIM_14,客场,模拟球员1,后卫,8.7,5,3,89%,2,8.3,23.3,0.0033621899999999997,92.27
2024-04-09,星期二,23.0℃,14.0℃,阴~晴,东南风,3级,7.8%,武汉,SIM_14,客场,模拟球员2,后卫,11.6,1,2,77%,3,8.3,23.3,0.0033621899999999997,91.4
2024-04-09,星期二,23.0℃,14.0℃,阴~晴,东南风,3级,7.8%,武汉,SIM_14,客场,模拟球员3,前锋,10.5,5,1,71%,1,8.1,23.3,0.0033621899999999997,91.73
2024-04-09,星期二,23.0℃,14.0℃,阴~晴,东南风,3级,7.8%,武汉,SIM_14,客场,模拟球员4,中场,12.3,5,1,76%,4,8.6,23.3,0.0033621899999999997,91.19
2024-04-09,星期二,23.0℃,14.0℃,阴~晴,东南风,3级,7.8%,武汉,SIM_14,客场,模拟球员5,中场,11.1,2,0,90%,4,6.8,23.3,0.0033621899999999997,91.55
2024-04-09,星期二,23.0℃,14.0℃,阴~晴,东南风,3级,7.8%,武汉,SIM_14,客场,模拟球员6,中场,12.3,2,2,67%,1,8.2,23.3,0.0033621899999999997,91.19
2024-04-09,星期二,23.0℃,14.0℃,阴~晴,东南风,3级,7.8%,武汉,SIM_14,客场,模拟球员7,中场,11.2,0,3,65%,3,8.1,23.3,0.0033621899999999997,91.52
2024-04-09,星期二,23.0℃,14.0℃,阴~晴,东南风,3级,7.8%,武汉,SIM_14,客场,模拟球员8,前锋,11.0,3,2,82%,4,7.4,23.3,0.0033621899999999997,91.58
2024-04-09,星期二,23.0℃,14.0℃,阴~晴,东南风,3级,7.8%,武汉,SIM_14,客场,模拟球员9,门将,11.0,5,0,70%,4,8.8,23.3,0.0033621899999999997,91.58
2024-04-27,星期六,31.0℃,16.0℃,多云,东南风,2级,64.3%,济南,SIM_20,客场,模拟球员1,门将,12.4,5,1,75%,1,6.5,58.0,0.08764090000000001,90.99
2024-04-27,星期六,31.0℃,16.0℃,多云,东南风,2级,64.3%,济南,SIM_20,客场,模拟球员2,门将,8.7,2,2,82%,2,6.8,58.0,0.08764090000000001,92.1
2024-04-27,星期六,31.0℃,16.0℃,多云,东南风,2级,64.3%,济南,SIM_20,客场,模拟球员3,门将,11.3,5,1,75%,3,6.5,58.0,0.08764090000000001,91.32
2024-04-27,星期六,31.0℃,16.0℃,多云,东南风,2级,64.3%,济南,SIM_20,客场,模拟球员4,门将,10.3,5,3,76%,2,7.3,58.0,0.08764090000000001,91.62
2024-04-27,星期六,31.0℃,16.0℃,多云,东南风,2级,64.3%,济南,SIM_20,客场,模拟球员5,后卫,8.5,1,0,65%,1,7.3,58.0,0.08764090000000001,92.16
2024-04-27,星期六,31.0℃,16.0℃,多云,东南风,2级,64.3%,济南,SIM_20,客场,模拟球员6,门将,8.5,4,0,68%,2,7.5,58.0,0.08764090000000001,92.16
2024-04-27,星期六,31.0℃,16.0℃,多云,东南风,2级,64.3%,济南,SIM_20,客场,模拟球员7,门将,11.6,5,1,77%,2,6.2,58.0,0.08764090000000001,91.23
2024-04-27,星期六,31.0℃,16.0℃,多云,东南风,2级,64.3%,济南,SIM_20,客场,模拟球员8,门将,11.7,3,3,86%,4,6.9,58.0,0.08764090000000001,91.2
2024-04-27,星期六,31.0℃,16.0℃,多云,东南风,2级,64.3%,济南,SIM_20,客场,模拟球员9,中场,9.9,0,3,75%,1,8.4,58.0,0.08764090000000001,91.74
2024-05-21,星期二,26.0℃,24.0℃,大雨~阵雨,东北风,2级,95.5%,深圳,SIM_28,客场,模拟球员1,门将,9.9,0,2,76%,4,8.2,76.0,0.18145,91.65
2024-05-21,星期二,26.0℃,24.0℃,大雨~阵雨,东北风,2级,95.5%,深圳,SIM_28,客场,模拟球员2,后卫,10.9,2,3,86%,0,7.9,76.0,0.18145,91.35
2024-05-21,星期二,26.0℃,24.0℃,大雨~阵雨,东北风,2级,95.5%,深圳,SIM_28,客场,模拟球员3,前锋,12.1,1,1,80%,3,7.1,76.0,0.18145,90.99
2024-05-21,星期二,26.0℃,24.0℃,大雨~阵雨,东北风,2级,95.5%,深圳,SIM_28,客场,模拟球员4,门将,11.5,0,3,76%,3,6.2,76.0,0.18145,91.17
2024-05-21,星期二,26.0℃,24.0℃,大雨~阵雨,东北风,2级,95.5%,深圳,SIM_28,客场,模拟球员5,前锋,10.1,5,0,68%,4,8.0,76.0,0.18145,91.59
2024-05-21,星期二,26.0℃,24.0℃,大雨~阵雨,东北风,2级,95.5%,深圳,SIM_28,客场,模拟球员6,前锋,9.5,3,2,76%,2,7.2,76.0,0.18145,91.77
2024-05-21,星期二,26.0℃,24.0℃,大雨~阵雨,东北风,2级,95.5%,深圳,SIM_28,客场,模拟球员7,前锋,10.9,1,1,71%,3,6.7,76.0,0.18145,91.35
2024-05-21,星期二,26.0℃,24.0℃,大雨~阵雨,东北风,2级,95.5%,深圳,SIM_28,客场,模拟球员8,前锋,9.4,5,0,89%,5,7.5,76.0,0.18145,91.8
2024-05-21,星期二,26.0℃,24.0℃,大雨~阵雨,东北风,2级,95.5%,深圳,SIM_28,客场,模拟球员9,门将,12.4,4,3,83%,0,6.0,76.0,0.18145,90.9
2024-03-01,星期五,23.0℃,6.0℃,晴~多云,西南风,3级,32.4%,玉溪,SIM_1,主场,模拟球员1,中场,11.1,1,0,68%,3,6.6,1650.0,0.7751699999999998,83.42
2024-03-01,星期五,23.0℃,6.0℃,晴~多云,西南风,3级,32.4%,玉溪,SIM_1,主场,模拟球员2,中场,11.3,0,2,66%,3,7.5,1650.0,0.7751699999999998,83.36
2024-03-01,星期五,23.0℃,6.0℃,晴~多云,西南风,3级,32.4%,玉溪,SIM_1,主场,模拟球员3,前锋,11.9,0,0,84%,6,7.7,1650.0,0.7751699999999998,83.18
2024-03-01,星期五,23.0℃,6.0℃,晴~多云,西南风,3级,32.4%,玉溪,SIM_1,主场,模拟球员4,中场,10.9,5,0,67%,2,8.9,1650.0,0.7751699999999998,83.48
2024-03-01,星期五,23.0℃,6.0℃,晴~多云,西南风,3级,32.4%,玉溪,SIM_1,主场,模拟球员5,中场,8.9,4,0,73%,3,7.2,1650.0,0.7751699999999998,84.08
2024-03-01,星期五,23.0℃,6.0℃,晴~多云,西南风,3级,32.4%,玉溪,SIM_1,主场,模拟球员6,前锋,10.0,1,1,84%,4,8.8,1650.0,0.7751699999999998,83.75
2024-03-01,星期五,23.0℃,6.0℃,晴~多云,西南风,3级,32.4%,玉溪,SIM_1,主场,模拟球员7,中场,11.1,2,3,72%,0,8.7,1650.0,0.7751699999999998,83.42
2024-03-01,星期五,23.0℃,6.0℃,晴~多云,西南风,3级,32.4%,玉溪,SIM_1,主场,模拟球员8,门将,10.0,0,3,78%,1,8.4,1650.0,0.7751699999999998,83.75
2024-03-01,星期五,23.0℃,6.0℃,晴~多云,西南风,3级,32.4%,玉溪,SIM_1,主场,模拟球员9,后卫,9.0,1,1,88%,0,6.9,1650.0,0.7751699999999998,84.05
2024-03-07,星期四,25.0℃,8.0℃,晴~多云,西南风,3级,29.4%,玉溪,SIM_3,主场,模拟球员1,门将,10.5,5,3,72%,6,6.6,1650.0,0.8004149999999999,83.6
2024-03-07,星期四,25.0℃,8.0℃,晴~多云,西南风,3级,29.4%,玉溪,SIM_3,主场,模拟球员2,后卫,11.2,4,2,80%,3,6.5,1650.0,0.8004149999999999,83.39
2024-03-07,星期四,25.0℃,8.0℃,晴~多云,西南风,3级,29.4%,玉溪,SIM_3,主场,模拟球员3,中场,12.2,3,3,87%,6,6.9,1650.0,0.8004149999999999,83.09
2024-03-07,星期四,25.0℃,8.0℃,晴~多云,西南风,3级,29.4%,玉溪,SIM_3,主场,模拟球员4,后卫,11.5,1,2,67%,4,7.7,1650.0,0.8004149999999999,83.3
2024-03-07,星期四,25.0℃,8.0℃,晴~多云,西南风,3级,29.4%,玉溪,SIM_3,主场,模拟球员5,后卫,9.6,0,1,85%,1,8.8,1650.0,0.8004149999999999,83.87
2024-03-07,星期四,25.0℃,8.0℃,晴~多云,西南风,3级,29.4%,玉溪,SIM_3,主场,模拟球员6,门将,11.5,0,3,69%,4,8.3,1650.0,0.8004149999999999,83.3
2024-03-07,星期四,25.0℃,8.0℃,晴~多云,西南风,3级,29.4%,玉溪,SIM_3,主场,模拟球员7,后卫,10.2,0,3,77%,1,8.2,1650.0,0.8004149999999999,83.69
2024-03-07,星期四,25.0℃,8.0℃,晴~多云,西南风,3级,29.4%,玉溪,SIM_3,主场,模拟球员8,门将,9.8,3,2,89%,6,7.9,1650.0,0.8004149999999999,83.81
2024-03-07,星期四,25.0℃,8.0℃,晴~多云,西南风,3级,29.4%,玉溪,SIM_3,主场,模拟球员9,前锋,11.2,0,2,76%,3,8.5,1650.0,0.8004149999999999,83.39
2024-03-13,星期三,25.0℃,10.0℃,晴,西南风,3级,20.6%,玉溪,SIM_5,主场,模拟球员1,前锋,12.4,1,0,80%,2,7.0,1650.0,0.5948249999999999,83.03
2024-03-13,星期三,25.0℃,10.0℃,晴,西南风,3级,20.6%,玉溪,SIM_5,主场,模拟球员2,后卫,9.6,1,1,90%,1,7.9,1650.0,0.5948249999999999,83.87
2024-03-13,星期三,25.0℃,10.0℃,晴,西南风,3级,20.6%,玉溪,SIM_5,主场,模拟球员3,前锋,8.8,3,1,80%,1,8.5,1650.0,0.5948249999999999,84.11
2024-03-13,星期三,25.0℃,10.0℃,晴,西南风,3级,20.6%,玉溪,SIM_5,主场,模拟球员4,中场,10.0,3,0,80%,6,7.1,1650.0,0.5948249999999999,83.75
2024-03-13,星期三,25.0℃,10.0℃,晴,西南风,3级,20.6%,玉溪,SIM_5,主场,模拟球员5,前锋,10.6,0,1,78%,0,6.7,1650.0,0.5948249999999999,83.57
2024-03-13,星期三,25.0℃,10.0℃,晴,西南风,3级,20.6%,玉溪,SIM_5,主场,模拟球员6,中场,10.7,1,1,80%,0,6.9,1650.0,0.5948249999999999,83.54
2024-03-13,星期三,25.0℃,10.0℃,晴,西南风,3级,20.6%,玉溪,SIM_5,主场,模拟球员7,中场,11.7,5,1,77%,6,6.9,1650.0,0.5948249999999999,83.24
2024-03-13,星期三,25.0℃,10.0℃,晴,西南风,3级,20.6%,玉溪,SIM_5,主场,模拟球员8,后卫,10.0,1,3,75%,6,8.3,1650.0,0.5948249999999999,83.75
2024-03-13,星期三,25.0℃,10.0℃,晴,西南风,3级,20.6%,玉溪,SIM_5,主场,模拟球员9,门将,10.5,4,3,81%,1,6.9,1650.0,0.5948249999999999,83.6
2024-03-19,星期二,20.0℃,9.0℃,阴~多云,东南风,2级,59.7%,玉溪,SIM_7,主场,模拟球员1,门将,8.7,2,1,75%,3,8.5,1650.0,1.4283225000000002,84.14
2024-03-19,星期二,20.0℃,9.0℃,阴~多云,东南风,2级,59.7%,玉溪,SIM_7,主场,模拟球员2,后卫,10.2,1,1,82%,3,8.0,1650.0,1.4283225000000002,83.69
2024-03-19,星期二,20.0℃,9.0℃,阴~多云,东南风,2级,59.7%,玉溪,SIM_7,主场,模拟球员3,后卫,12.4,5,0,79%,2,7.4,1650.0,1.4283225000000002,83.03
2024-03-19,星期二,20.0℃,9.0℃,阴~多云,东南风,2级,59.7%,玉溪,SIM_7,主场,模拟球员4,前锋,12.1,2,0,82%,2,6.1,1650.0,1.4283225000000002,83.12
2024-03-19,星期二,20.0℃,9.0℃,阴~多云,东南风,2级,59.7%,玉溪,SIM_7,主场,模拟球员5,后卫,8.8,3,0,75%,6,6.2,1650.0,1.4283225000000002,84.11
2024-03-19,星期二,20.0℃,9.0℃,阴~多云,东南风,2级,59.7%,玉溪,SIM_7,主场,模拟球员6,前锋,9.5,3,0,89%,4,6.6,1650.0,1.4283225000000002,83.9
2024-03-19,星期二,20.0℃,9.0℃,阴~多云,东南风,2级,59.7%,玉溪,SIM_7,主场,模拟球员7,后卫,11.5,2,0,77%,6,7.7,1650.0,1.4283225000000002,83.3
2024-03-19,星期二,20.0℃,9.0℃,阴~多云,东南风,2级,59.7%,玉溪,SIM_7,主场,模拟球员8,前锋,8.5,0,0,71%,0,6.8,1650.0,1.4283225000000002,84.2
2024-03-19,星期二,20.0℃,9.0℃,阴~多云,东南风,2级,59.7%,玉溪,SIM_7,主场,模拟球员9,后卫,10.5,4,3,73%,1,8.2,1650.0,1.4283225000000002,83.6
2024-03-25,星期一,27.0℃,11.0℃,阴~多云,西南风,2级,50.8%,玉溪,SIM_9,主场,模拟球员1,后卫,11.9,0,0,88%,1,6.6,1650.0,1.5925799999999999,83.18
2024-03-25,星期一,27.0℃,11.0℃,阴~多云,西南风,2级,50.8%,玉溪,SIM_9,主场,模拟球员2,中场,11.0,5,3,90%,4,6.2,1650.0,1.5925799999999999,83.45
2024-03-25,星期一,27.0℃,11.0℃,阴~多云,西南风,2级,50.8%,玉溪,SIM_9,主场,模拟球员3,后卫,9.8,1,0,87%,0,7.8,1650.0,1.5925799999999999,83.81
2024-03-25,星期一,27.0℃,11.0℃,阴~多云,西南风,2级,50.8%,玉溪,SIM_9,主场,模拟球员4,前锋,10.2,4,0,70%,3,6.2,1650.0,1.5925799999999999,83.69
2024-03-25,星期一,27.0℃,11.0℃,阴~多云,西南风,2级,50.8%,玉溪,SIM_9,主场,模拟球员5,中场,10.7,5,3,83%,1,6.4,1650.0,1.5925799999999999,83.54
2024-03-25,星期一,27.0℃,11.0℃,阴~多云,西南风,2级,50.8%,玉溪,SIM_9,主场,模拟球员6,前锋,9.9,5,2,74%,4,7.8,1650.0,1.5925799999999999,83.78
2024-03-25,星期一,27.0℃,11.0℃,阴~多云,西南风,2级,50.8%,玉溪,SIM_9,主场,模拟球员7,后卫,12.3,5,3,85%,5,7.8,1650.0,1.5925799999999999,83.06
2024-03-25,星期一,27.0℃,11.0℃,阴~多云,西南风,2级,50.8%,玉溪,SIM_9,主场,模拟球员8,前锋,10.5,2,3,87%,4,7.1,1650.0,1.5925799999999999,83.6
2024-03-25,星期一,27.0℃,11.0℃,阴~多云,西南风,2级,50.8%,玉溪,SIM_9,主场,模拟球员9,前锋,9.4,5,2,84%,6,8.9,1650.0,1.5925799999999999,83.93
2024-03-31,星期日,27.0℃,13.0℃,多云,西南风,3级,59.2%,玉溪,SIM_11,主场,模拟球员1,门将,9.4,1,0,80%,6,7.3,1650.0,1.9535999999999998,83.93
2024-03-31,星期日,27.0℃,13.0℃,多云,西南风,3级,59.2%,玉溪,SIM_11,主场,模拟球员2,后卫,9.3,3,0,82%,3,6.9,1650.0,1.9535999999999998,83.96
2024-03-31,星期日,27.0℃,13.0℃,多云,西南风,3级,59.2%,玉溪,SIM_11,主场,模拟球员3,前锋,8.8,5,1,70%,0,8.7,1650.0,1.9535999999999998,84.11
2024-03-31,星期日,27.0℃,13.0℃,多云,西南风,3级,59.2%,玉溪,SIM_11,主场,模拟球员4,中场,10.5,2,0,78%,1,7.6,1650.0,1.9535999999999998,83.6
2024-03-31,星期日,27.0℃,13.0℃,多云,西南风,3级,59.2%,玉溪,SIM_11,主场,模拟球员5,中场,10.5,0,0,79%,6,6.1,1650.0,1.9535999999999998,83.6
2024-03-31,星期日,27.0℃,13.0℃,多云,西南风,3级,59.2%,玉溪,SIM_11,主场,模拟球员6,前锋,8.9,5,1,82%,3,8.0,1650.0,1.9535999999999998,84.08
2024-03-31,星期日,27.0℃,13.0℃,多云,西南风,3级,59.2%,玉溪,SIM_11,主场,模拟球员7,中场,10.0,2,0,79%,4,6.1,1650.0,1.9535999999999998,83.75
2024-03-31,星期日,27.0℃,13.0℃,多云,西南风,3级,59.2%,玉溪,SIM_11,主场,模拟球员8,后卫,10.3,1,0,67%,6,8.1,1650.0,1.9535999999999998,83.66
2024-03-31,星期日,27.0℃,13.0℃,多云,西南风,3级,59.2%,玉溪,SIM_11,主场,模拟球员9,中场,11.2,2,3,75%,1,8.8,1650.0,1.9535999999999998,83.39
2024-04-06,星期六,27.0℃,15.0℃,多云~晴,西南风,3级,2.4%,玉溪,SIM_13,主场,模拟球员1,前锋,11.9,5,0,80%,0,6.1,1650.0,0.08316,83.18
2024-04-06,星期六,27.0℃,15.0℃,多云~晴,西南风,3级,2.4%,玉溪,SIM_13,主场,模拟球员2,中场,9.9,4,0,78%,5,7.9,1650.0,0.08316,83.78
2024-04-06,星期六,27.0℃,15.0℃,多云~晴,西南风,3级,2.4%,玉溪,SIM_13,主场,模拟球员3,中场,10.3,1,0,75%,5,6.5,1650.0,0.08316,83.66
2024-04-06,星期六,27.0℃,15.0℃,多云~晴,西南风,3级,2.4%,玉溪,SIM_13,主场,模拟球员4,前锋,11.0,5,2,84%,2,6.7,1650.0,0.08316,83.45
2024-04-06,星期六,27.0℃,15.0℃,多云~晴,西南风,3级,2.4%,玉溪,SIM_13,主场,模拟球员5,前锋,12.2,1,2,68%,1,6.0,1650.0,0.08316,83.09
2024-04-06,星期六,27.0℃,15.0℃,多云~晴,西南风,3级,2.4%,玉溪,SIM_13,主场,模拟球员6,后卫,10.3,2,2,69%,4,7.2,1650.0,0.08316,83.66
2024-04-06,星期六,27.0℃,15.0℃,多云~晴,西南风,3级,2.4%,玉溪,SIM_13,主场,模拟球员7,中场,11.5,3,1,89%,5,6.4,1650.0,0.08316,83.3
2024-04-06,星期六,27.0℃,15.0℃,多云~晴,西南风,3级,2.4%,玉溪,SIM_13,主场,模拟球员8,前锋,10.2,4,1,84%,1,7.1,1650.0,0.08316,83.69
2024-04-06,星期六,27.0℃,15.0℃,多云~晴,西南风,3级,2.4%,玉溪,SIM_13,主场,模拟球员9,中场,8.9,4,0,86%,0,6.9,1650.0,0.08316,84.08
2024-04-12,星期五,29.0℃,15.0℃,多云,西南风,3级,44.2%,玉溪,SIM_15,主场,模拟球员1,门将,9.4,0,2,68%,2,8.0,1650.0,1.60446,83.93
2024-04-12,星期五,29.0℃,15.0℃,多云,西南风,3级,44.2%,玉溪,SIM_15,主场,模拟球员2,中场,10.9,1,0,65%,1,6.7,1650.0,1.60446,83.48
2024-04-12,星期五,29.0℃,15.0℃,多云,西南风,3级,44.2%,玉溪,SIM_15,主场,模拟球员3,后卫,9.9,5,0,70%,6,7.7,1650.0,1.60446,83.78
2024-04-12,星期五,29.0℃,15.0℃,多云,西南风,3级,44.2%,玉溪,SIM_15,主场,模拟球员4,中场,9.1,0,3,82%,1,7.6,1650.0,1.60446,84.02
2024-04-12,星期五,29.0℃,15.0℃,多云,西南风,3级,44.2%,玉溪,SIM_15,主场,模拟球员5,门将,9.7,2,2,65%,5,6.9,1650.0,1.60446,83.84
2024-04-12,星期五,29.0℃,15.0℃,多云,西南风,3级,44.2%,玉溪,SIM_15,主场,模拟球员6,后卫,9.0,5,0,88%,1,6.3,1650.0,1.60446,84.05
2024-04-12,星期五,29.0℃,15.0℃,多云,西南风,3级,44.2%,玉溪,SIM_15,主场,模拟球员7,中场,11.3,4,2,74%,3,8.5,1650.0,1.60446,83.36
2024-04-12,星期五,29.0℃,15.0℃,多云,西南风,3级,44.2%,玉溪,SIM_15,主场,模拟球员8,后卫,12.0,1,1,86%,0,6.1,1650.0,1.60446,83.15
2024-04-12,星期五,29.0℃,15.0℃,多云,西南风,3级,44.2%,玉溪,SIM_15,主场,模拟球员9,前锋,10.6,3,2,75%,4,8.1,1650.0,1.60446,83.57
2024-04-18,星期四,26.0℃,12.0℃,多云,西南风,4级,66.1%,玉溪,SIM_17,主场,模拟球员1,门将,10.4,4,2,74%,2,8.7,1650.0,2.0722349999999996,83.63
2024-04-18,星期四,26.0℃,12.0℃,多云,西南风,4级,66.1%,玉溪,SIM_17,主场,模拟球员2,中场,9.6,1,3,78%,2,6.5,1650.0,2.0722349999999996,83.87
2024-04-18,星期四,26.0℃,12.0℃,多云,西南风,4级,66.1%,玉溪,SIM_17,主场,模拟球员3,门将,10.0,1,0,73%,6,7.4,1650.0,2.0722349999999996,83.75
2024-04-18,星期四,26.0℃,12.0℃,多云,西南风,4级,66.1%,玉溪,SIM_17,主场,模拟球员4,前锋,10.7,1,2,82%,6,7.6,1650.0,2.0722349999999996,83.54
2024-04-18,星期四,26.0℃,12.0℃,多云,西南风,4级,66.1%,玉溪,SIM_17,主场,模拟球员5,门将,9.6,5,3,70%,3,6.4,1650.0,2.0722349999999996,83.87
2024-04-18,星期四,26.0℃,12.0℃,多云,西南风,4级,66.1%,玉溪,SIM_17,主场,模拟球员6,前锋,11.1,4,1,80%,1,7.7,1650.0,2.0722349999999996,83.42
2024-04-18,星期四,26.0℃,12.0℃,多云,西南风,4级,66.1%,玉溪,SIM_17,主场,模拟球员7,前锋,11.3,5,3,75%,1,6.5,1650.0,2.0722349999999996,83.36
2024-04-18,星期四,26.0℃,12.0℃,多云,西南风,4级,66.1%,玉溪,SIM_17,主场,模拟球员8,后卫,9.5,2,3,83%,2,8.3,1650.0,2.0722349999999996,83.9
2024-04-18,星期四,26.0℃,12.0℃,多云,西南风,4级,66.1%,玉溪,SIM_17,主场,模拟球员9,前锋,9.1,3,3,79%,4,6.1,1650.0,2.0722349999999996,84.02
2024-04-24,星期三,29.0℃,14.0℃,多云,西南风,3级,50.7%,玉溪,SIM_19,主场,模拟球员1,后卫,11.9,5,1,65%,3,6.7,1650.0,1.7985824999999998,83.18
2024-04-24,星期三,29.0℃,14.0℃,多云,西南风,3级,50.7%,玉溪,SIM_19,主场,模拟球员2,中场,11.1,2,1,77%,5,7.8,1650.0,1.7985824999999998,83.42
2024-04-24,星期三,29.0℃,14.0℃,多云,西南风,3级,50.7%,玉溪,SIM_19,主场,模拟球员3,后卫,9.2,1,0,76%,6,6.5,1650.0,1.7985824999999998,83.99
2024-04-24,星期三,29.0℃,14.0℃,多云,西南风,3级,50.7%,玉溪,SIM_19,主场,模拟球员4,门将,9.6,2,1,86%,4,6.6,1650.0,1.7985824999999998,83.87
2024-04-24,星期三,29.0℃,14.0℃,多云,西南风,3级,50.7%,玉溪,SIM_19,主场,模拟球员5,门将,11.8,3,1,70%,3,6.9,1650.0,1.7985824999999998,83.21
2024-04-24,星期三,29.0℃,14.0℃,多云,西南风,3级,50.7%,玉溪,SIM_19,主场,模拟球员6,后卫,9.7,4,2,67%,3,7.4,1650.0,1.7985824999999998,83.84
2024-04-24,星期三,29.0℃,14.0℃,多云,西南风,3级,50.7%,玉溪,SIM_19,主场,模拟球员7,中场,9.2,1,1,72%,0,6.5,1650.0,1.7985824999999998,83.99
2024-04-24,星期三,29.0℃,14.0℃,多云,西南风,3级,50.7%,玉溪,SIM_19,主场,模拟球员8,后卫,9.7,5,3,88%,0,7.9,1650.0,1.7985824999999998,83.84
2024-04-24,星期三,29.0℃,14.0℃,多云,西南风,3级,50.7%,玉溪,SIM_19,主场,模拟球员9,后卫,10.1,0,0,65%,1,6.0,1650.0,1.7985824999999998,83.72
2024-04-30,星期二,29.0℃,14.0℃,阴~多云,西南风,4级,55.8%,玉溪,SIM_21,主场,模拟球员1,中场,9.2,5,1,70%,6,6.3,1650.0,1.9795049999999998,83.99
2024-04-30,星期二,29.0℃,14.0℃,阴~多云,西南风,4级,55.8%,玉溪,SIM_21,主场,模拟球员2,中场,12.5,4,3,87%,1,6.9,1650.0,1.9795049999999998,83.0
2024-04-30,星期二,29.0℃,14.0℃,阴~多云,西南风,4级,55.8%,玉溪,SIM_21,主场,模拟球员3,前锋,9.9,5,0,81%,2,8.6,1650.0,1.9795049999999998,83.78
2024-04-30,星期二,29.0℃,14.0℃,阴~多云,西南风,4级,55.8%,玉溪,SIM_21,主场,模拟球员4,前锋,11.1,1,3,85%,1,8.3,1650.0,1.9795049999999998,83.42
2024-04-30,星期二,29.0℃,14.0℃,阴~多云,西南风,4级,55.8%,玉溪,SIM_21,主场,模拟球员5,中场,9.8,2,3,71%,3,6.6,1650.0,1.9795049999999998,83.81
2024-04-30,星期二,29.0℃,14.0℃,阴~多云,西南风,4级,55.8%,玉溪,SIM_21,主场,模拟球员6,后卫,9.2,3,0,78%,4,7.2,1650.0,1.9795049999999998,83.99
2024-04-30,星期二,29.0℃,14.0℃,阴~多云,西南风,4级,55.8%,玉溪,SIM_21,主场,模拟球员7,门将,11.0,4,3,77%,6,7.8,1650.0,1.9795049999999998,83.45
2024-04-30,星期二,29.0℃,14.0℃,阴~多云,西南风,4级,55.8%,玉溪,SIM_21,主场,模拟球员8,中场,12.2,2,3,85%,1,6.8,1650.0,1.9795049999999998,83.09
2024-04-30,星期二,29.0℃,14.0℃,阴~多云,西南风,4级,55.8%,玉溪,SIM_21,主场,模拟球员9,前锋,9.0,2,0,71%,2,7.9,1650.0,1.9795049999999998,84.05
2024-05-06,星期一,26.0℃,14.0℃,小雨~多云,西南风,3级,99.6%,玉溪,SIM_23,主场,模拟球员1,前锋,11.0,1,3,74%,5,7.1,1650.0,3.2868,83.45
2024-05-06,星期一,26.0℃,14.0℃,小雨~多云,西南风,3级,99.6%,玉溪,SIM_23,主场,模拟球员2,中场,11.2,4,2,73%,2,8.0,1650.0,3.2868,83.39
2024-05-06,星期一,26.0℃,14.0℃,小雨~多云,西南风,3级,99.6%,玉溪,SIM_23,主场,模拟球员3,前锋,12.0,3,1,90%,2,7.3,1650.0,3.2868,83.15
2024-05-06,星期一,26.0℃,14.0℃,小雨~多云,西南风,3级,99.6%,玉溪,SIM_23,主场,模拟球员4,前锋,9.9,2,3,74%,2,7.6,1650.0,3.2868,83.78
2024-05-06,星期一,26.0℃,14.0℃,小雨~多云,西南风,3级,99.6%,玉溪,SIM_23,主场,模拟球员5,前锋,9.5,1,2,90%,0,8.1,1650.0,3.2868,83.9
2024-05-06,星期一,26.0℃,14.0℃,小雨~多云,西南风,3级,99.6%,玉溪,SIM_23,主场,模拟球员6,中场,10.3,3,1,82%,1,6.4,1650.0,3.2868,83.66
2024-05-06,星期一,26.0℃,14.0℃,小雨~多云,西南风,3级,99.6%,玉溪,SIM_23,主场,模拟球员7,中场,9.8,4,1,78%,0,6.6,1650.0,3.2868,83.81
2024-05-06,星期一,26.0℃,14.0℃,小雨~多云,西南风,3级,99.6%,玉溪,SIM_23,主场,模拟球员8,中场,11.5,2,1,76%,2,7.3,1650.0,3.2868,83.3
2024-05-06,星期一,26.0℃,14.0℃,小雨~多云,西南风,3级,99.6%,玉溪,SIM_23,主场,模拟球员9,后卫,9.0,2,0,85%,5,8.1,1650.0,3.2868,84.05
2024-05-12,星期日,27.0℃,15.0℃,多云~小雨,西南风,2级,82.1%,玉溪,SIM_25,主场,模拟球员1,后卫,11.7,2,0,80%,4,7.3,1650.0,2.8447649999999998,83.24
2024-05-12,星期日,27.0℃,15.0℃,多云~小雨,西南风,2级,82.1%,玉溪,SIM_25,主场,模拟球员2,门将,10.0,0,0,73%,1,8.2,1650.0,2.8447649999999998,83.75
2024-05-12,星期日,27.0℃,15.0℃,多云~小雨,西南风,2级,82.1%,玉溪,SIM_25,主场,模拟球员3,中场,9.4,4,2,75%,1,8.6,1650.0,2.8447649999999998,83.93
2024-05-12,星期日,27.0℃,15.0℃,多云~小雨,西南风,2级,82.1%,玉溪,SIM_25,主场,模拟球员4,中场,11.9,4,2,83%,5,7.8,1650.0,2.8447649999999998,83.18
2024-05-12,星期日,27.0℃,15.0℃,多云~小雨,西南风,2级,82.1%,玉溪,SIM_25,主场,模拟球员5,中场,9.3,2,3,67%,0,6.7,1650.0,2.8447649999999998,83.96
2024-05-12,星期日,27.0℃,15.0℃,多云~小雨,西南风,2级,82.1%,玉溪,SIM_25,主场,模拟球员6,门将,9.9,3,2,85%,2,8.1,1650.0,2.8447649999999998,83.78
2024-05-12,星期日,27.0℃,15.0℃,多云~小雨,西南风,2级,82.1%,玉溪,SIM_25,主场,模拟球员7,中场,9.1,3,1,89%,2,7.9,1650.0,2.8447649999999998,84.02
2024-05-12,星期日,27.0℃,15.0℃,多云~小雨,西南风,2级,82.1%,玉溪,SIM_25,主场,模拟球员8,后卫,12.3,4,1,74%,1,7.6,1650.0,2.8447649999999998,83.06
2024-05-12,星期日,27.0℃,15.0℃,多云~小雨,西南风,2级,82.1%,玉溪,SIM_25,主场,模拟球员9,后卫,10.0,5,0,81%,1,7.4,1650.0,2.8447649999999998,83.75
2024-05-18,星期六,28.0℃,16.0℃,阴~小雨,西南风,2级,83.7%,玉溪,SIM_27,主场,模拟球员1,门将,9.4,1,3,66%,2,7.7,1650.0,3.03831,83.93
2024-05-18,星期六,28.0℃,16.0℃,阴~小雨,西南风,2级,83.7%,玉溪,SIM_27,主场,模拟球员2,前锋,11.4,0,0,71%,2,7.5,1650.0,3.03831,83.33
2024-05-18,星期六,28.0℃,16.0℃,阴~小雨,西南风,2级,83.7%,玉溪,SIM_27,主场,模拟球员3,前锋,12.1,1,2,65%,3,6.1,1650.0,3.03831,83.12
2024-05-18,星期六,28.0℃,16.0℃,阴~小雨,西南风,2级,83.7%,玉溪,SIM_27,主场,模拟球员4,门将,10.0,3,0,73%,1,7.0,1650.0,3.03831,83.75
2024-05-18,星期六,28.0℃,16.0℃,阴~小雨,西南风,2级,83.7%,玉溪,SIM_27,主场,模拟球员5,后卫,11.5,4,3,85%,5,6.4,1650.0,3.03831,83.3
2024-05-18,星期六,28.0℃,16.0℃,阴~小雨,西南风,2级,83.7%,玉溪,SIM_27,主场,模拟球员6,后卫,10.7,0,2,72%,2,6.9,1650.0,3.03831,83.54
2024-05-18,星期六,28.0℃,16.0℃,阴~小雨,西南风,2级,83.7%,玉溪,SIM_27,主场,模拟球员7,后卫,11.6,2,3,74%,2,7.0,1650.0,3.03831,83.27
2024-05-18,星期六,28.0℃,16.0℃,阴~小雨,西南风,2级,83.7%,玉溪,SIM_27,主场,模拟球员8,门将,10.1,2,1,74%,1,6.3,1650.0,3.03831,83.72
2024-05-18,星期六,28.0℃,16.0℃,阴~小雨,西南风,2级,83.7%,玉溪,SIM_27,主场,模拟球员9,门将,9.5,0,0,80%,1,6.3,1650.0,3.03831,83.9
2024-05-24,星期五,28.0℃,16.0℃,阴~阵雨,南风,2级,88.3%,玉溪,SIM_29,主场,模拟球员1,中场,11.1,0,3,87%,3,8.2,1650.0,3.2052899999999998,83.42
2024-05-24,星期五,28.0℃,16.0℃,阴~阵雨,南风,2级,88.3%,玉溪,SIM_29,主场,模拟球员2,门将,8.5,0,3,78%,3,7.1,1650.0,3.2052899999999998,84.2
2024-05-24,星期五,28.0℃,16.0℃,阴~阵雨,南风,2级,88.3%,玉溪,SIM_29,主场,模拟球员3,门将,12.4,5,1,85%,4,6.4,1650.0,3.2052899999999998,83.03
2024-05-24,星期五,28.0℃,16.0℃,阴~阵雨,南风,2级,88.3%,玉溪,SIM_29,主场,模拟球员4,中场,9.4,2,1,77%,6,6.0,1650.0,3.2052899999999998,83.93
2024-05-24,星期五,28.0℃,16.0℃,阴~阵雨,南风,2级,88.3%,玉溪,SIM_29,主场,模拟球员5,中场,12.4,2,1,78%,5,6.4,1650.0,3.2052899999999998,83.03
2024-05-24,星期五,28.0℃,16.0℃,阴~阵雨,南风,2级,88.3%,玉溪,SIM_29,主场,模拟球员6,后卫,12.2,1,0,71%,5,7.6,1650.0,3.2052899999999998,83.09
2024-05-24,星期五,28.0℃,16.0℃,阴~阵雨,南风,2级,88.3%,玉溪,SIM_29,主场,模拟球员7,中场,8.8,0,1,68%,4,6.8,1650.0,3.2052899999999998,84.11
2024-05-24,星期五,28.0℃,16.0℃,阴~阵雨,南风,2级,88.3%,玉溪,SIM_29,主场,模拟球员8,门将,10.4,2,0,88%,5,8.5,1650.0,3.2052899999999998,83.63
2024-05-24,星期五,28.0℃,16.0℃,阴~阵雨,南风,2级,88.3%,玉溪,SIM_29,主场,模拟球员9,门将,12.2,3,0,75%,2,8.0,1650.0,3.2052899999999998,83.09
2024-04-03,星期三,16.0℃,11.0℃,小雨~阴,西北风,3级,84.9%,苏州,SIM_12,客场,模拟球员1,门将,10.7,4,0,90%,2,6.9,5.0,0.00573075,91.76
2024-04-03,星期三,16.0℃,11.0℃,小雨~阴,西北风,3级,84.9%,苏州,SIM_12,客场,模拟球员2,中场,11.6,3,3,65%,5,7.7,5.0,0.00573075,91.49
2024-04-03,星期三,16.0℃,11.0℃,小雨~阴,西北风,3级,84.9%,苏州,SIM_12,客场,模拟球员3,中场,12.1,2,1,79%,6,7.6,5.0,0.00573075,91.34
2024-04-03,星期三,16.0℃,11.0℃,小雨~阴,西北风,3级,84.9%,苏州,SIM_12,客场,模拟球员4,门将,9.6,4,0,68%,1,7.6,5.0,0.00573075,92.1
2024-04-03,星期三,16.0℃,11.0℃,小雨~阴,西北风,3级,84.9%,苏州,SIM_12,客场,模拟球员5,后卫,12.1,4,2,88%,2,8.0,5.0,0.00573075,91.34
2024-04-03,星期三,16.0℃,11.0℃,小雨~阴,西北风,3级,84.9%,苏州,SIM_12,客场,模拟球员6,中场,9.4,0,1,68%,2,7.3,5.0,0.00573075,92.16
2024-04-03,星期三,16.0℃,11.0℃,小雨~阴,西北风,3级,84.9%,苏州,SIM_12,客场,模拟球员7,后卫,12.2,5,2,69%,1,8.4,5.0,0.00573075,91.32
2024-04-03,星期三,16.0℃,11.0℃,小雨~阴,西北风,3级,84.9%,苏州,SIM_12,客场,模拟球员8,后卫,11.9,4,0,79%,4,7.5,5.0,0.00573075,91.4
2024-04-03,星期三,16.0℃,11.0℃,小雨~阴,西北风,3级,84.9%,苏州,SIM_12,客场,模拟球员9,中场,11.6,2,0,84%,0,8.0,5.0,0.00573075,91.49
2024-04-21,星期日,25.0℃,15.0℃,多云,东南风,2级,45.6%,郑州,SIM_18,客场,模拟球员1,后卫,8.6,5,2,70%,1,7.1,110.0,0.10032,91.87
2024-04-21,星期日,25.0℃,15.0℃,多云,东南风,2级,45.6%,郑州,SIM_18,客场,模拟球员2,门将,11.9,4,0,80%,6,7.1,110.0,0.10032,90.88
2024-04-21,星期日,25.0℃,15.0℃,多云,东南风,2级,45.6%,郑州,SIM_18,客场,模拟球员3,中场,9.7,2,0,80%,6,7.4,110.0,0.10032,91.54
2024-04-21,星期日,25.0℃,15.0℃,多云,东南风,2级,45.6%,郑州,SIM_18,客场,模拟球员4,后卫,11.9,1,0,86%,3,7.8,110.0,0.10032,90.88
2024-04-21,星期日,25.0℃,15.0℃,多云,东南风,2级,45.6%,郑州,SIM_18,客场,模拟球员5,门将,9.1,1,1,83%,5,7.5,110.0,0.10032,91.72
2024-04-21,星期日,25.0℃,15.0℃,多云,东南风,2级,45.6%,郑州,SIM_18,客场,模拟球员6,后卫,12.4,4,3,85%,2,6.0,110.0,0.10032,90.73
2024-04-21,星期日,25.0℃,15.0℃,多云,东南风,2级,45.6%,郑州,SIM_18,客场,模拟球员7,后卫,11.2,4,1,88%,2,8.8,110.0,0.10032,91.09
2024-04-21,星期日,25.0℃,15.0℃,多云,东南风,2级,45.6%,郑州,SIM_18,客场,模拟球员8,前锋,12.4,2,0,69%,4,8.0,110.0,0.10032,90.73
2024-04-21,星期日,25.0℃,15.0℃,多云,东南风,2级,45.6%,郑州,SIM_18,客场,模拟球员9,后卫,8.7,5,1,83%,4,8.4,110.0,0.10032,91.84
2024-05-09,星期四,30.0℃,19.0℃,阴~多云,南风,3级,61.4%,郑州,SIM_24,客场,模拟球员1,中场,12.2,4,1,80%,0,6.8,110.0,0.165473,90.79
2024-05-09,星期四,30.0℃,19.0℃,阴~多云,南风,3级,61.4%,郑州,SIM_24,客场,模拟球员2,前锋,9.8,1,1,82%,1,8.7,110.0,0.165473,91.51
2024-05-09,星期四,30.0℃,19.0℃,阴~多云,南风,3级,61.4%,郑州,SIM_24,客场,模拟球员3,前锋,9.9,2,1,74%,1,7.5,110.0,0.165473,91.48
2024-05-09,星期四,30.0℃,19.0℃,阴~多云,南风,3级,61.4%,郑州,SIM_24,客场,模拟球员4,前锋,9.8,1,1,82%,6,7.2,110.0,0.165473,91.51
2024-05-09,星期四,30.0℃,19.0℃,阴~多云,南风,3级,61.4%,郑州,SIM_24,客场,模拟球员5,门将,12.3,4,1,68%,1,8.8,110.0,0.165473,90.76
2024-05-09,星期四,30.0℃,19.0℃,阴~多云,南风,3级,61.4%,郑州,SIM_24,客场,模拟球员6,中场,9.6,0,2,72%,6,8.5,110.0,0.165473,91.57
2024-05-09,星期四,30.0℃,19.0℃,阴~多云,南风,3级,61.4%,郑州,SIM_24,客场,模拟球员7,中场,10.3,0,0,85%,0,8.1,110.0,0.165473,91.36
2024-05-09,星期四,30.0℃,19.0℃,阴~多云,南风,3级,61.4%,郑州,SIM_24,客场,模拟球员8,前锋,12.3,4,3,74%,3,6.5,110.0,0.165473,90.76
2024-05-09,星期四,30.0℃,19.0℃,阴~多云,南风,3级,61.4%,郑州,SIM_24,客场,模拟球员9,门将,9.2,3,3,81%,3,6.1,110.0,0.165473,91.69
2024-03-04,星期一,10.0℃,9.0℃,阴~中雨,东南风,1级,80.6%,长沙,SIM_2,客场,模拟球员1,中场,11.6,0,3,87%,6,6.4,45.0,0.034456499999999994,91.3
2024-03-04,星期一,10.0℃,9.0℃,阴~中雨,东南风,1级,80.6%,长沙,SIM_2,客场,模拟球员2,后卫,12.3,2,1,86%,1,6.2,45.0,0.034456499999999994,91.08
2024-03-04,星期一,10.0℃,9.0℃,阴~中雨,东南风,1级,80.6%,长沙,SIM_2,客场,模拟球员3,中场,11.0,0,1,81%,2,8.3,45.0,0.034456499999999994,91.48
2024-03-04,星期一,10.0℃,9.0℃,阴~中雨,东南风,1级,80.6%,长沙,SIM_2,客场,模拟球员4,前锋,8.6,4,3,80%,2,8.2,45.0,0.034456499999999994,92.2
2024-03-04,星期一,10.0℃,9.0℃,阴~中雨,东南风,1级,80.6%,长沙,SIM_2,客场,模拟球员5,门将,9.8,0,3,71%,5,7.8,45.0,0.034456499999999994,91.84
2024-03-04,星期一,10.0℃,9.0℃,阴~中雨,东南风,1级,80.6%,长沙,SIM_2,客场,模拟球员6,前锋,10.6,5,0,80%,1,7.2,45.0,0.034456499999999994,91.6
2024-03-04,星期一,10.0℃,9.0℃,阴~中雨,东南风,1级,80.6%,长沙,SIM_2,客场,模拟球员7,后卫,11.8,5,1,81%,5,7.1,45.0,0.034456499999999994,91.24
2024-03-04,星期一,10.0℃,9.0℃,阴~中雨,东南风,1级,80.6%,长沙,SIM_2,客场,模拟球员8,门将,10.9,3,2,78%,4,8.0,45.0,0.034456499999999994,91.51
2024-03-04,星期一,10.0℃,9.0℃,阴~中雨,东南风,1级,80.6%,长沙,SIM_2,客场,模拟球员9,前锋,10.9,4,3,76%,6,7.0,45.0,0.034456499999999994,91.51
