比赛ID,日期,主客场,比赛城市,球员,位置,跑动(km),射门,射正,传球成功率,抢断,评分,海拔(m)
SIM_1,2024-03-01,主场,玉溪,模拟球员1,前锋,11.1,5,1,66%,4,7.0,1650.0
SIM_1,2024-03-01,主场,玉溪,模拟球员2,前锋,11.5,1,0,72%,3,8.1,1650.0
SIM_1,2024-03-01,主场,玉溪,模拟球员3,后卫,10.0,1,1,85%,1,8.4,1650.0
SIM_1,2024-03-01,主场,玉溪,模拟球员4,中场,10.8,5,0,87%,1,6.6,1650.0
SIM_1,2024-03-01,主场,玉溪,模拟球员5,门将,11.7,3,3,90%,3,7.7,1650.0
SIM_1,2024-03-01,主场,玉溪,模拟球员6,前锋,8.6,0,2,87%,6,8.8,1650.0
SIM_1,2024-03-01,主场,玉溪,模拟球员7,中场,11.5,3,2,85%,4,7.0,1650.0
SIM_1,2024-03-01,主场,玉溪,模拟球员8,中场,10.1,3,2,81%,3,6.4,1650.0
SIM_1,2024-03-01,主场,玉溪,模拟球员9,中场,11.8,5,2,71%,0,8.3,1650.0
SIM_1,2024-03-01,主场,玉溪,模拟球员10,中场,10.3,0,2,69%,1,8.2,1650.0
SIM_1,2024-03-01,主场,玉溪,模拟球员11,门将,9.8,0,2,69%,2,8.5,1650.0
SIM_2,2024-03-04,客场,成都,模拟球员1,前锋,12.3,0,2,89%,6,7.5,500.0
SIM_2,2024-03-04,客场,成都,模拟球员2,中场,8.6,3,2,66%,2,6.3,500.0
SIM_2,2024-03-04,客场,成都,模拟球员3,前锋,11.8,2,3,79%,5,6.5,500.0
SIM_2,2024-03-04,客场,成都,模拟球员4,后卫,11.5,2,3,79%,6,7.6,500.0
SIM_2,2024-03-04,客场,成都,模拟球员5,后卫,11.0,0,1,80%,0,6.1,500.0
SIM_2,2024-03-04,客场,成都,模拟球员6,后卫,9.5,2,3,77%,0,8.2,500.0
SIM_2,2024-03-04,客场,成都,模拟球员7,后卫,11.8,1,2,86%,2,6.2,500.0
SIM_2,2024-03-04,客场,成都,模拟球员8,门将,12.4,2,0,80%,5,6.1,500.0
SIM_2,2024-03-04,客场,成都,模拟球员9,门将,12.0,4,1,86%,4,6.5,500.0
SIM_2,2024-03-04,客场,成都,模拟球员10,前锋,9.8,3,2,67%,1,6.7,500.0
SIM_2,2024-03-04,客场,成都,模拟球员11,中场,11.5,5,0,90%,2,7.6,500.0
SIM_3,2024-03-07,主场,玉溪,模拟球员1,门将,9.0,1,0,65%,1,6.8,1650.0
SIM_3,2024-03-07,主场,玉溪,模拟球员2,前锋,11.6,5,3,66%,3,7.2,1650.0
SIM_3,2024-03-07,主场,玉溪,模拟球员3,门将,12.5,0,3,89%,0,8.0,1650.0
SIM_3,2024-03-07,主场,玉溪,模拟球员4,后卫,12.1,4,3,87%,2,7.8,1650.0
SIM_3,2024-03-07,主场,玉溪,模拟球员5,门将,10.1,5,2,81%,1,6.6,1650.0
SIM_3,2024-03-07,主场,玉溪,模拟球员6,门将,10.1,5,3,70%,0,6.5,1650.0
SIM_3,2024-03-07,主场,玉溪,模拟球员7,中场,10.0,5,2,70%,0,7.7,1650.0
SIM_3,2024-03-07,主场,玉溪,模拟球员8,门将,9.1,2,2,67%,2,7.0,1650.0
SIM_3,2024-03-07,主场,玉溪,模拟球员9,后卫,10.2,2,0,77%,2,8.2,1650.0
SIM_3,2024-03-07,主场,玉溪,模拟球员10,门将,9.5,5,2,77%,6,7.0,1650.0
SIM_3,2024-03-07,主场,玉溪,模拟球员11,中场,9.8,2,1,86%,1,8.3,1650.0
SIM_4,2024-03-10,客场,上海,模拟球员1,中场,10.8,4,2,75%,4,8.9,4.0
SIM_4,2024-03-10,客场,上海,模拟球员2,后卫,12.5,5,1,66%,6,8.3,4.0
SIM_4,2024-03-10,客场,上海,模拟球员3,中场,12.3,5,2,73%,5,6.7,4.0
SIM_4,2024-03-10,客场,上海,模拟球员4,门将,11.1,0,2,83%,3,8.3,4.0
SIM_4,2024-03-10,客场,上海,模拟球员5,后卫,12.0,0,3,88%,4,6.4,4.0
SIM_4,2024-03-10,客场,上海,模拟球员6,后卫,12.1,1,3,72%,6,7.1,4.0
SIM_4,2024-03-10,客场,上海,模拟球员7,中场,10.4,5,2,76%,5,8.2,4.0
SIM_4,2024-03-10,客场,上海,模拟球员8,门将,9.4,5,1,80%,2,7.5,4.0
SIM_4,2024-03-10,客场,上海,模拟球员9,中场,11.9,1,2,86%,4,7.3,4.0
SIM_4,2024-03-10,客场,上海,模拟球员10,门将,11.3,1,2,81%,5,8.3,4.0
SIM_4,2024-03-10,客场,上海,模拟球员11,前锋,11.9,4,1,81%,1,8.8,4.0
SIM_5,2024-03-13,主场,玉溪,模拟球员1,门将,10.5,4,0,90%,5,8.2,1650.0
SIM_5,2024-03-13,主场,玉溪,模拟球员2,中场,11.6,5,3,81%,1,8.2,1650.0
SIM_5,2024-03-13,主场,玉溪,模拟球员3,前锋,10.5,4,0,80%,5,8.4,1650.0
SIM_5,2024-03-13,主场,玉溪,模拟球员4,门将,9.9,0,0,67%,2,7.3,1650.0
SIM_5,2024-03-13,主场,玉溪,模拟球员5,后卫,11.3,3,1,67%,3,7.9,1650.0
SIM_5,2024-03-13,主场,玉溪,模拟球员6,前锋,10.8,4,1,88%,3,8.4,1650.0
SIM_5,2024-03-13,主场,玉溪,模拟球员7,门将,9.6,2,0,75%,4,8.1,1650.0
SIM_5,2024-03-13,主场,玉溪,模拟球员8,门将,9.1,4,3,80%,3,6.2,1650.0
SIM_5,2024-03-13,主场,玉溪,模拟球员9,中场,10.1,4,1,86%,2,6.8,1650.0
SIM_5,2024-03-13,主场,玉溪,模拟球员10,前锋,8.9,3,1,76%,3,8.0,1650.0
SIM_5,2024-03-13,主场,玉溪,模拟球员11,后卫,11.4,4,2,76%,0,7.3,1650.0
SIM_6,2024-03-16,客场,武汉,模拟球员1,后卫,11.5,1,0,82%,1,6.8,23.3
SIM_6,2024-03-16,客场,武汉,模拟球员2,后卫,10.0,1,2,75%,6,6.8,23.3
SIM_6,2024-03-16,客场,武汉,模拟球员3,门将,8.7,1,3,80%,6,8.7,23.3
SIM_6,2024-03-16,客场,武汉,模拟球员4,门将,10.6,1,3,77%,4,8.6,23.3
SIM_6,2024-03-16,客场,武汉,模拟球员5,前锋,8.8,0,2,83%,5,6.3,23.3
SIM_6,2024-03-16,客场,武汉,模拟球员6,前锋,11.8,3,0,76%,2,6.3,23.3
SIM_6,2024-03-16,客场,武汉,模拟球员7,前锋,11.2,0,0,79%,1,7.7,23.3
SIM_6,2024-03-16,客场,武汉,模拟球员8,门将,11.6,5,0,89%,1,7.6,23.3
SIM_6,2024-03-16,客场,武汉,模拟球员9,后卫,12.4,0,3,70%,3,6.4,23.3
SIM_6,2024-03-16,客场,武汉,模拟球员10,门将,9.7,0,2,87%,0,7.4,23.3
SIM_6,2024-03-16,客场,武汉,模拟球员11,中场,10.6,3,0,88%,4,8.0,23.3
SIM_7,2024-03-19,主场,玉溪,模拟球员1,中场,9.8,0,3,66%,3,7.3,1650.0
SIM_7,2024-03-19,主场,玉溪,模拟球员2,前锋,12.2,3,0,66%,2,7.9,1650.0
SIM_7,2024-03-19,主场,玉溪,模拟球员3,门将,11.7,1,1,68%,1,8.8,1650.0
SIM_7,2024-03-19,主场,玉溪,模拟球员4,门将,8.9,2,0,71%,5,7.5,1650.0
SIM_7,2024-03-19,主场,玉溪,模拟球员5,门将,11.3,5,2,67%,3,7.5,1650.0
SIM_7,2024-03-19,主场,玉溪,模拟球员6,中场,10.2,3,0,90%,5,8.5,1650.0
SIM_7,2024-03-19,主场,玉溪,模拟球员7,后卫,11.3,2,0,83%,5,6.4,1650.0
SIM_7,2024-03-19,主场,玉溪,模拟球员8,门将,8.8,4,3,77%,3,8.5,1650.0
SIM_7,2024-03-19,主场,玉溪,模拟球员9,中场,10.5,3,2,80%,5,7.5,1650.0
SIM_7,2024-03-19,主场,玉溪,模拟球员10,中场,12.2,5,2,70%,6,8.3,1650.0
SIM_7,2024-03-19,主场,玉溪,模拟球员11,后卫,9.0,4,3,65%,6,8.9,1650.0
SIM_8,2024-03-22,客场,广州,模拟球员1,前锋,11.5,5,2,83%,5,8.9,11.0
SIM_8,2024-03-22,客场,广州,模拟球员2,前锋,11.8,4,2,78%,0,8.6,11.0
SIM_8,2024-03-22,客场,广州,模拟球员3,中场,8.8,0,3,68%,6,8.4,11.0
SIM_8,2024-03-22,客场,广州,模拟球员4,前锋,9.2,1,3,78%,4,6.7,11.0
SIM_8,2024-03-22,客场,广州,模拟球员5,前锋,10.9,2,0,85%,4,7.0,11.0
SIM_8,2024-03-22,客场,广州,模拟球员6,门将,9.8,5,3,89%,5,7.9,11.0
SIM_8,2024-03-22,客场,广州,模拟球员7,前锋,8.7,4,0,80%,6,7.4,11.0
SIM_8,2024-03-22,客场,广州,模拟球员8,中场,11.4,0,0,73%,5,8.2,11.0
SIM_8,2024-03-22,客场,广州,模拟球员9,后卫,10.0,3,3,68%,0,7.5,11.0
SIM_8,2024-03-22,客场,广州,模拟球员10,门将,11.8,5,1,71%,5,6.5,11.0
SIM_8,2024-03-22,客场,广州,模拟球员11,中场,8.7,3,1,75%,4,8.4,11.0
SIM_9,2024-03-25,主场,玉溪,模拟球员1,前锋,11.8,4,1,85%,3,6.0,1650.0
SIM_9,2024-03-25,主场,玉溪,模拟球员2,门将,11.1,5,1,90%,4,6.2,1650.0
SIM_9,2024-03-25,主场,玉溪,模拟球员3,门将,11.4,4,2,77%,0,8.3,1650.0
SIM_9,2024-03-25,主场,玉溪,模拟球员4,后卫,9.7,3,3,83%,1,6.1,1650.0
SIM_9,2024-03-25,主场,玉溪,模拟球员5,后卫,10.0,4,3,75%,5,7.5,1650.0
SIM_9,2024-03-25,主场,玉溪,模拟球员6,后卫,8.9,0,1,90%,6,6.2,1650.0
SIM_9,2024-03-25,主场,玉溪,模拟球员7,门将,8.9,2,0,79%,0,7.3,1650.0
SIM_9,2024-03-25,主场,玉溪,模拟球员8,前锋,10.5,0,1,84%,2,8.4,1650.0
SIM_9,2024-03-25,主场,玉溪,模拟球员9,门将,10.4,5,0,77%,1,6.8,1650.0
SIM_9,2024-03-25,主场,玉溪,模拟球员10,后卫,11.4,2,2,68%,5,8.8,1650.0
SIM_9,2024-03-25,主场,玉溪,模拟球员11,门将,11.3,2,2,86%,1,8.3,1650.0
SIM_10,2024-03-28,客场,广州,模拟球员1,中场,10.4,1,3,86%,6,8.4,11.0
SIM_10,2024-03-28,客场,广州,模拟球员2,门将,11.1,5,0,76%,1,8.1,11.0
SIM_10,2024-03-28,客场,广州,模拟球员3,前锋,11.0,5,2,71%,6,6.5,11.0
SIM_10,2024-03-28,客场,广州,模拟球员4,门将,8.6,3,3,72%,2,8.8,11.0
SIM_10,2024-03-28,客场,广州,模拟球员5,前锋,9.3,4,2,68%,6,6.4,11.0
SIM_10,2024-03-28,客场,广州,模拟球员6,门将,10.0,4,0,69%,3,8.4,11.0
SIM_10,2024-03-28,客场,广州,模拟球员7,后卫,9.4,2,2,86%,4,8.9,11.0
SIM_10,2024-03-28,客场,广州,模拟球员8,门将,12.4,0,2,65%,6,6.1,11.0
SIM_10,2024-03-28,客场,广州,模拟球员9,前锋,8.6,0,0,78%,4,7.8,11.0
SIM_10,2024-03-28,客场,广州,模拟球员10,前锋,9.5,1,0,73%,0,7.1,11.0
SIM_10,2024-03-28,客场,广州,模拟球员11,中场,12.4,1,1,74%,2,7.1,11.0
SIM_11,2024-03-31,主场,玉溪,模拟球员1,后卫,12.1,0,2,79%,2,6.4,1650.0
SIM_11,2024-03-31,主场,玉溪,模拟球员2,中场,12.4,1,1,85%,0,8.4,1650.0
SIM_11,2024-03-31,主场,玉溪,模拟球员3,后卫,10.9,0,2,83%,3,7.3,1650.0
SIM_11,2024-03-31,主场,玉溪,模拟球员4,后卫,10.0,0,1,87%,4,7.1,1650.0
SIM_11,2024-03-31,主场,玉溪,模拟球员5,后卫,10.4,3,3,75%,6,8.1,1650.0
SIM_11,2024-03-31,主场,玉溪,模拟球员6,中场,12.0,2,2,84%,1,8.5,1650.0
SIM_11,2024-03-31,主场,玉溪,模拟球员7,前锋,8.7,4,3,69%,4,8.4,1650.0
SIM_11,2024-03-31,主场,玉溪,模拟球员8,门将,8.6,5,0,67%,4,8.0,1650.0
SIM_11,2024-03-31,主场,玉溪,模拟球员9,前锋,12.2,5,2,79%,2,7.7,1650.0
SIM_11,2024-03-31,主场,玉溪,模拟球员10,门将,9.9,0,0,90%,1,6.7,1650.0
SIM_11,2024-03-31,主场,玉溪,模拟球员11,门将,10.2,1,2,75%,1,7.0,1650.0
SIM_12,2024-04-03,客场,北京,模拟球员1,门将,8.6,3,3,87%,0,8.5,43.5
SIM_12,2024-04-03,客场,北京,模拟球员2,后卫,11.7,2,0,67%,0,7.4,43.5
SIM_12,2024-04-03,客场,北京,模拟球员3,后卫,10.4,1,2,73%,0,6.8,43.5
SIM_12,2024-04-03,客场,北京,模拟球员4,中场,11.3,1,2,85%,0,6.2,43.5
SIM_12,2024-04-03,客场,北京,模拟球员5,门将,11.2,3,3,86%,3,6.6,43.5
SIM_12,2024-04-03,客场,北京,模拟球员6,中场,10.3,2,1,72%,6,8.4,43.5
SIM_12,2024-04-03,客场,北京,模拟球员7,后卫,11.8,3,0,87%,1,6.4,43.5
SIM_12,2024-04-03,客场,北京,模拟球员8,中场,9.9,1,2,77%,5,7.0,43.5
SIM_12,2024-04-03,客场,北京,模拟球员9,后卫,11.8,3,0,74%,6,6.3,43.5
SIM_12,2024-04-03,客场,北京,模拟球员10,后卫,8.8,5,2,81%,3,7.8,43.5
SIM_12,2024-04-03,客场,北京,模拟球员11,后卫,10.6,0,0,66%,6,7.6,43.5
SIM_13,2024-04-06,主场,玉溪,模拟球员1,门将,8.9,2,0,72%,5,7.7,1650.0
SIM_13,2024-04-06,主场,玉溪,模拟球员2,前锋,11.9,4,0,68%,1,8.4,1650.0
SIM_13,2024-04-06,主场,玉溪,模拟球员3,中场,8.7,1,0,79%,3,6.4,1650.0
SIM_13,2024-04-06,主场,玉溪,模拟球员4,门将,9.2,5,2,71%,5,8.5,1650.0
SIM_13,2024-04-06,主场,玉溪,模拟球员5,前锋,8.7,5,0,88%,4,7.1,1650.0
SIM_13,2024-04-06,主场,玉溪,模拟球员6,门将,10.0,0,2,83%,4,7.4,1650.0
SIM_13,2024-04-06,主场,玉溪,模拟球员7,后卫,12.4,2,1,90%,4,7.5,1650.0
SIM_13,2024-04-06,主场,玉溪,模拟球员8,后卫,11.0,0,1,76%,5,6.2,1650.0
SIM_13,2024-04-06,主场,玉溪,模拟球员9,前锋,10.3,1,3,68%,5,8.1,1650.0
SIM_13,2024-04-06,主场,玉溪,模拟球员10,中场,8.5,1,0,79%,6,8.8,1650.0
SIM_13,2024-04-06,主场,玉溪,模拟球员11,中场,11.2,0,3,90%,1,6.7,1650.0
SIM_14,2024-04-09,客场,北京,模拟球员1,门将,10.1,3,1,90%,3,7.5,43.5
SIM_14,2024-04-09,客场,北京,模拟球员2,后卫,11.1,5,1,88%,1,6.1,43.5
SIM_14,2024-04-09,客场,北京,模拟球员3,前锋,12.0,4,2,77%,0,8.0,43.5
SIM_14,2024-04-09,客场,北京,模拟球员4,门将,12.0,1,3,75%,4,6.8,43.5
SIM_14,2024-04-09,客场,北京,模拟球员5,门将,10.4,0,1,82%,1,8.4,43.5
SIM_14,2024-04-09,客场,北京,模拟球员6,后卫,11.3,4,1,89%,5,6.4,43.5
SIM_14,2024-04-09,客场,北京,模拟球员7,中场,11.5,4,3,70%,4,8.8,43.5
SIM_14,2024-04-09,客场,北京,模拟球员8,后卫,8.6,5,3,90%,1,8.8,43.5
SIM_14,2024-04-09,客场,北京,模拟球员9,前锋,11.4,2,0,71%,0,6.4,43.5
SIM_14,2024-04-09,客场,北京,模拟球员10,中场,10.6,3,2,85%,5,7.2,43.5
SIM_14,2024-04-09,客场,北京,模拟球员11,前锋,10.6,4,1,67%,4,6.4,43.5
SIM_15,2024-04-12,主场,玉溪,模拟球员1,门将,10.7,1,3,88%,1,7.8,1650.0
SIM_15,2024-04-12,主场,玉溪,模拟球员2,门将,9.8,4,0,87%,4,7.0,1650.0
SIM_15,2024-04-12,主场,玉溪,模拟球员3,后卫,11.0,5,3,84%,4,8.4,1650.0
SIM_15,2024-04-12,主场,玉溪,模拟球员4,门将,11.5,1,1,72%,6,7.7,1650.0
SIM_15,2024-04-12,主场,玉溪,模拟球员5,后卫,10.2,1,3,87%,6,8.4,1650.0
SIM_15,2024-04-12,主场,玉溪,模拟球员6,门将,9.7,3,1,65%,5,7.0,1650.0
SIM_15,2024-04-12,主场,玉溪,模拟球员7,前锋,9.4,2,1,75%,1,6.4,1650.0
SIM_15,2024-04-12,主场,玉溪,模拟球员8,中场,11.1,1,0,88%,3,7.7,1650.0
SIM_15,2024-04-12,主场,玉溪,模拟球员9,后卫,10.8,0,1,74%,4,8.1,1650.0
SIM_15,2024-04-12,主场,玉溪,模拟球员10,门将,9.8,2,0,85%,3,6.9,1650.0
SIM_15,2024-04-12,主场,玉溪,模拟球员11,后卫,10.5,2,3,66%,3,6.7,1650.0
SIM_16,2024-04-15,客场,北京,模拟球员1,中场,10.1,2,2,79%,4,6.2,43.5
SIM_16,2024-04-15,客场,北京,模拟球员2,中场,8.6,2,1,79%,3,8.0,43.5
SIM_16,2024-04-15,客场,北京,模拟球员3,门将,11.2,1,3,66%,6,6.1,43.5
SIM_16,2024-04-15,客场,北京,模拟球员4,前锋,12.1,5,2,75%,4,8.8,43.5
SIM_16,2024-04-15,客场,北京,模拟球员5,前锋,10.4,4,1,81%,6,7.3,43.5
SIM_16,2024-04-15,客场,北京,模拟球员6,后卫,11.6,0,2,71%,0,6.5,43.5
SIM_16,2024-04-15,客场,北京,模拟球员7,中场,11.7,4,0,72%,0,7.6,43.5
SIM_16,2024-04-15,客场,北京,模拟球员8,前锋,9.7,1,2,70%,0,6.0,43.5
SIM_16,2024-04-15,客场,北京,模拟球员9,门将,8.7,2,2,73%,5,8.8,43.5
SIM_16,2024-04-15,客场,北京,模拟球员10,中场,8.7,3,2,75%,5,8.0,43.5
SIM_16,2024-04-15,客场,北京,模拟球员11,门将,8.9,2,0,87%,3,8.4,43.5
SIM_17,2024-04-18,主场,玉溪,模拟球员1,中场,12.4,4,1,72%,0,7.2,1650.0
SIM_17,2024-04-18,主场,玉溪,模拟球员2,中场,9.5,4,3,74%,4,7.4,1650.0
SIM_17,2024-04-18,主场,玉溪,模拟球员3,后卫,11.5,3,0,86%,2,6.0,1650.0
SIM_17,2024-04-18,主场,玉溪,模拟球员4,前锋,10.3,5,0,75%,5,7.9,1650.0
SIM_17,2024-04-18,主场,玉溪,模拟球员5,中场,9.8,3,3,90%,3,7.0,1650.0
SIM_17,2024-04-18,主场,玉溪,模拟球员6,后卫,12.3,5,0,83%,3,7.7,1650.0
SIM_17,2024-04-18,主场,玉溪,模拟球员7,后卫,11.0,5,0,78%,4,8.1,1650.0
SIM_17,2024-04-18,主场,玉溪,模拟球员8,门将,8.9,1,2,88%,6,7.6,1650.0
SIM_17,2024-04-18,主场,玉溪,模拟球员9,前锋,9.1,0,0,81%,0,8.6,1650.0
SIM_17,2024-04-18,主场,玉溪,模拟球员10,中场,9.1,5,1,87%,4,8.9,1650.0
SIM_17,2024-04-18,主场,玉溪,模拟球员11,后卫,9.7,3,0,68%,5,7.4,1650.0
SIM_18,2024-04-21,客场,贵阳,模拟球员1,中场,12.2,1,3,88%,1,8.1,1071.0
SIM_18,2024-04-21,客场,贵阳,模拟球员2,门将,10.7,2,0,90%,0,8.7,1071.0
SIM_18,2024-04-21,客场,贵阳,模拟球员3,中场,9.8,4,3,79%,6,8.6,1071.0
SIM_18,2024-04-21,客场,贵阳,模拟球员4,门将,10.0,1,2,80%,5,8.0,1071.0
SIM_18,2024-04-21,客场,贵阳,模拟球员5,门将,9.3,0,0,88%,6,6.4,1071.0
SIM_18,2024-04-21,客场,贵阳,模拟球员6,后卫,11.4,2,1,70%,5,8.5,1071.0
SIM_18,2024-04-21,客场,贵阳,模拟球员7,后卫,9.0,2,2,71%,5,8.1,1071.0
SIM_18,2024-04-21,客场,贵阳,模拟球员8,门将,10.3,2,3,87%,4,6.3,1071.0
SIM_18,2024-04-21,客场,贵阳,模拟球员9,前锋,10.9,3,0,81%,6,7.7,1071.0
SIM_18,2024-04-21,客场,贵阳,模拟球员10,门将,12.4,5,1,89%,0,7.6,1071.0
SIM_18,2024-04-21,客场,贵阳,模拟球员11,后卫,11.6,4,0,86%,5,6.7,1071.0
SIM_19,2024-04-24,主场,玉溪,模拟球员1,门将,11.8,0,0,89%,5,7.3,1650.0
SIM_19,2024-04-24,主场,玉溪,模拟球员2,门将,8.8,4,1,68%,5,7.7,1650.0
SIM_19,2024-04-24,主场,玉溪,模拟球员3,前锋,11.2,4,2,76%,4,8.9,1650.0
SIM_19,2024-04-24,主场,玉溪,模拟球员4,后卫,9.4,4,1,75%,6,7.1,1650.0
SIM_19,2024-04-24,主场,玉溪,模拟球员5,门将,10.2,3,0,74%,1,8.1,1650.0
SIM_19,2024-04-24,主场,玉溪,模拟球员6,中场,8.5,1,0,73%,6,8.5,1650.0
SIM_19,2024-04-24,主场,玉溪,模拟球员7,后卫,10.4,1,3,65%,1,7.7,1650.0
SIM_19,2024-04-24,主场,玉溪,模拟球员8,门将,11.5,1,0,74%,1,6.7,1650.0
SIM_19,2024-04-24,主场,玉溪,模拟球员9,中场,11.0,2,2,68%,2,7.4,1650.0
SIM_19,2024-04-24,主场,玉溪,模拟球员10,前锋,10.8,4,0,84%,0,6.2,1650.0
SIM_19,2024-04-24,主场,玉溪,模拟球员11,后卫,11.3,5,1,66%,6,6.5,1650.0
SIM_20,2024-04-27,客场,成都,模拟球员1,门将,11.7,0,0,83%,4,8.8,500.0
SIM_20,2024-04-27,客场,成都,模拟球员2,后卫,8.9,0,2,73%,1,6.7,500.0
SIM_20,2024-04-27,客场,成都,模拟球员3,后卫,9.4,2,2,72%,5,7.7,500.0
SIM_20,2024-04-27,客场,成都,模拟球员4,中场,12.4,5,1,80%,0,7.5,500.0
SIM_20,2024-04-27,客场,成都,模拟球员5,前锋,9.3,3,3,88%,5,8.1,500.0
SIM_20,2024-04-27,客场,成都,模拟球员6,中场,9.0,2,2,71%,4,8.2,500.0
SIM_20,2024-04-27,客场,成都,模拟球员7,前锋,11.2,2,3,73%,3,6.3,500.0
SIM_20,2024-04-27,客场,成都,模拟球员8,后卫,10.8,4,1,67%,4,8.0,500.0
SIM_20,2024-04-27,客场,成都,模拟球员9,中场,11.8,5,1,69%,2,7.1,500.0
SIM_20,2024-04-27,客场,成都,模拟球员10,中场,10.5,2,2,76%,3,6.6,500.0
SIM_20,2024-04-27,客场,成都,模拟球员11,后卫,9.5,5,1,90%,3,6.1,500.0
SIM_21,2024-04-30,主场,玉溪,模拟球员1,中场,8.8,4,3,65%,6,6.1,1650.0
SIM_21,2024-04-30,主场,玉溪,模拟球员2,前锋,12.2,3,2,79%,0,7.8,1650.0
SIM_21,2024-04-30,主场,玉溪,模拟球员3,中场,11.7,5,3,75%,1,6.1,1650.0
SIM_21,2024-04-30,主场,玉溪,模拟球员4,前锋,9.3,1,3,73%,4,6.2,1650.0
SIM_21,2024-04-30,主场,玉溪,模拟球员5,门将,11.3,4,0,67%,5,7.5,1650.0
SIM_21,2024-04-30,主场,玉溪,模拟球员6,中场,10.8,4,2,68%,3,7.7,1650.0
SIM_21,2024-04-30,主场,玉溪,模拟球员7,前锋,9.6,0,2,80%,3,7.6,1650.0
SIM_21,2024-04-30,主场,玉溪,模拟球员8,后卫,9.4,1,0,84%,5,8.5,1650.0
SIM_21,2024-04-30,主场,玉溪,模拟球员9,中场,9.8,2,0,71%,0,6.3,1650.0
SIM_21,2024-04-30,主场,玉溪,模拟球员10,后卫,10.7,3,3,65%,3,7.9,1650.0
SIM_21,2024-04-30,主场,玉溪,模拟球员11,门将,12.0,0,1,73%,4,8.4,1650.0
SIM_22,2024-05-03,客场,济南,模拟球员1,中场,11.9,5,0,76%,2,7.5,58.0
SIM_22,2024-05-03,客场,济南,模拟球员2,前锋,10.4,1,2,80%,2,6.0,58.0
SIM_22,2024-05-03,客场,济南,模拟球员3,后卫,8.8,1,3,76%,0,7.1,58.0
SIM_22,2024-05-03,客场,济南,模拟球员4,后卫,9.0,1,1,76%,4,8.7,58.0
SIM_22,2024-05-03,客场,济南,模拟球员5,中场,12.4,1,2,68%,2,7.3,58.0
SIM_22,2024-05-03,客场,济南,模拟球员6,前锋,9.5,2,2,75%,0,6.7,58.0
SIM_22,2024-05-03,客场,济南,模拟球员7,前锋,9.3,3,0,82%,0,6.2,58.0
SIM_22,2024-05-03,客场,济南,模拟球员8,后卫,11.4,2,0,68%,4,6.4,58.0
SIM_22,2024-05-03,客场,济南,模拟球员9,中场,8.6,1,2,74%,6,8.4,58.0
SIM_22,2024-05-03,客场,济南,模拟球员10,后卫,10.3,4,3,90%,4,7.8,58.0
SIM_22,2024-05-03,客场,济南,模拟球员11,中场,11.1,3,3,71%,6,6.8,58.0
SIM_23,2024-05-06,主场,玉溪,模拟球员1,门将,9.5,2,0,75%,6,8.5,1650.0
SIM_23,2024-05-06,主场,玉溪,模拟球员2,中场,12.4,1,1,89%,3,7.8,1650.0
SIM_23,2024-05-06,主场,玉溪,模拟球员3,中场,12.0,4,1,82%,4,8.3,1650.0
SIM_23,2024-05-06,主场,玉溪,模拟球员4,中场,11.8,4,1,80%,2,7.6,1650.0
SIM_23,2024-05-06,主场,玉溪,模拟球员5,门将,12.1,4,2,78%,1,6.7,1650.0
SIM_23,2024-05-06,主场,玉溪,模拟球员6,前锋,8.8,2,0,73%,6,6.7,1650.0
SIM_23,2024-05-06,主场,玉溪,模拟球员7,后卫,10.6,2,0,73%,3,7.7,1650.0
SIM_23,2024-05-06,主场,玉溪,模拟球员8,门将,11.5,0,2,68%,2,6.8,1650.0
SIM_23,2024-05-06,主场,玉溪,模拟球员9,门将,8.7,1,1,74%,3,7.5,1650.0
SIM_23,2024-05-06,主场,玉溪,模拟球员10,后卫,9.6,4,3,87%,4,6.3,1650.0
SIM_23,2024-05-06,主场,玉溪,模拟球员11,中场,8.8,1,1,79%,3,6.9,1650.0
SIM_24,2024-05-09,客场,重庆,模拟球员1,门将,12.3,5,1,79%,3,8.0,237.0
SIM_24,2024-05-09,客场,重庆,模拟球员2,前锋,10.8,3,0,88%,3,8.5,237.0
SIM_24,2024-05-09,客场,重庆,模拟球员3,后卫,11.7,2,2,77%,5,7.3,237.0
SIM_24,2024-05-09,客场,重庆,模拟球员4,后卫,10.3,3,0,81%,6,8.3,237.0
SIM_24,2024-05-09,客场,重庆,模拟球员5,前锋,10.4,2,2,82%,4,8.4,237.0
SIM_24,2024-05-09,客场,重庆,模拟球员6,中场,11.5,5,1,89%,0,8.9,237.0
SIM_24,2024-05-09,客场,重庆,模拟球员7,后卫,8.8,4,2,80%,6,6.0,237.0
SIM_24,2024-05-09,客场,重庆,模拟球员8,前锋,10.4,1,3,90%,4,7.8,237.0
SIM_24,2024-05-09,客场,重庆,模拟球员9,中场,11.9,5,2,83%,5,8.0,237.0
SIM_24,2024-05-09,客场,重庆,模拟球员10,中场,10.4,5,0,86%,5,7.9,237.0
SIM_24,2024-05-09,客场,重庆,模拟球员11,中场,12.4,5,0,78%,5,6.4,237.0
SIM_25,2024-05-12,主场,玉溪,模拟球员1,前锋,10.2,1,3,85%,0,6.0,1650.0
SIM_25,2024-05-12,主场,玉溪,模拟球员2,后卫,8.5,4,2,69%,0,8.2,1650.0
SIM_25,2024-05-12,主场,玉溪,模拟球员3,中场,9.2,5,2,86%,6,7.2,1650.0
SIM_25,2024-05-12,主场,玉溪,模拟球员4,门将,12.4,5,0,79%,5,8.8,1650.0
SIM_25,2024-05-12,主场,玉溪,模拟球员5,后卫,9.9,0,3,70%,3,6.5,1650.0
SIM_25,2024-05-12,主场,玉溪,模拟球员6,门将,12.3,0,0,68%,6,7.7,1650.0
SIM_25,2024-05-12,主场,玉溪,模拟球员7,中场,10.2,2,0,66%,3,7.1,1650.0
SIM_25,2024-05-12,主场,玉溪,模拟球员8,中场,12.0,3,3,66%,4,8.3,1650.0
SIM_25,2024-05-12,主场,玉溪,模拟球员9,门将,11.0,0,1,78%,4,6.0,1650.0
SIM_25,2024-05-12,主场,玉溪,模拟球员10,前锋,8.6,2,0,81%,2,7.3,1650.0
SIM_25,2024-05-12,主场,玉溪,模拟球员11,中场,10.4,1,3,73%,3,8.8,1650.0
SIM_26,2024-05-15,客场,北京,模拟球员1,后卫,10.5,2,0,80%,1,7.3,43.5
SIM_26,2024-05-15,客场,北京,模拟球员2,后卫,9.1,2,0,78%,5,8.6,43.5
SIM_26,2024-05-15,客场,北京,模拟球员3,中场,10.9,3,1,75%,3,7.6,43.5
SIM_26,2024-05-15,客场,北京,模拟球员4,门将,11.0,1,3,81%,3,6.3,43.5
SIM_26,2024-05-15,客场,北京,模拟球员5,中场,10.8,0,1,69%,4,6.8,43.5
SIM_26,2024-05-15,客场,北京,模拟球员6,后卫,10.1,2,0,69%,3,8.0,43.5
SIM_26,2024-05-15,客场,北京,模拟球员7,中场,8.6,2,3,77%,2,7.7,43.5
SIM_26,2024-05-15,客场,北京,模拟球员8,中场,9.2,5,3,72%,5,7.1,43.5
SIM_26,2024-05-15,客场,北京,模拟球员9,中场,12.2,0,1,87%,4,6.8,43.5
SIM_26,2024-05-15,客场,北京,模拟球员10,门将,8.8,5,1,82%,3,7.9,43.5
SIM_26,2024-05-15,客场,北京,模拟球员11,中场,11.8,5,2,72%,2,8.6,43.5
SIM_27,2024-05-18,主场,玉溪,模拟球员1,门将,11.1,4,1,74%,0,6.8,1650.0
SIM_27,2024-05-18,主场,玉溪,模拟球员2,门将,11.8,3,0,90%,1,7.1,1650.0
SIM_27,2024-05-18,主场,玉溪,模拟球员3,门将,12.5,4,3,87%,6,7.4,1650.0
SIM_27,2024-05-18,主场,玉溪,模拟球员4,前锋,9.7,0,3,71%,0,8.4,1650.0
SIM_27,2024-05-18,主场,玉溪,模拟球员5,中场,11.8,5,3,79%,4,6.8,1650.0
SIM_27,2024-05-18,主场,玉溪,模拟球员6,后卫,11.1,0,0,68%,3,6.1,1650.0
SIM_27,2024-05-18,主场,玉溪,模拟球员7,后卫,10.8,4,0,72%,3,6.2,1650.0
SIM_27,2024-05-18,主场,玉溪,模拟球员8,中场,11.7,4,2,86%,4,8.3,1650.0
SIM_27,2024-05-18,主场,玉溪,模拟球员9,后卫,8.6,3,1,78%,0,7.9,1650.0
SIM_27,2024-05-18,主场,玉溪,模拟球员10,前锋,9.6,0,3,81%,6,8.9,1650.0
SIM_27,2024-05-18,主场,玉溪,模拟球员11,中场,10.4,5,1,71%,4,6.1,1650.0
SIM_28,2024-05-21,客场,济南,模拟球员1,门将,10.9,4,1,72%,5,7.9,58.0
SIM_28,2024-05-21,客场,济南,模拟球员2,后卫,10.6,0,1,90%,5,7.6,58.0
SIM_28,2024-05-21,客场,济南,模拟球员3,前锋,10.0,5,2,76%,6,8.8,58.0
SIM_28,2024-05-21,客场,济南,模拟球员4,后卫,10.7,2,2,79%,3,8.4,58.0
SIM_28,2024-05-21,客场,济南,模拟球员5,前锋,9.9,0,0,65%,6,6.8,58.0
SIM_28,2024-05-21,客场,济南,模拟球员6,门将,11.5,0,1,85%,6,7.4,58.0
SIM_28,2024-05-21,客场,济南,模拟球员7,前锋,11.3,5,0,72%,1,6.6,58.0
SIM_28,2024-05-21,客场,济南,模拟球员8,后卫,11.7,3,1,84%,4,7.9,58.0
SIM_28,2024-05-21,客场,济南,模拟球员9,中场,11.1,0,1,83%,1,8.5,58.0
SIM_28,2024-05-21,客场,济南,模拟球员10,后卫,12.2,5,2,76%,2,8.2,58.0
SIM_28,2024-05-21,客场,济南,模拟球员11,门将,11.5,2,2,75%,2,8.3,58.0
SIM_29,2024-05-24,主场,玉溪,模拟球员1,前锋,10.2,3,2,84%,1,7.2,1650.0
SIM_29,2024-05-24,主场,玉溪,模拟球员2,门将,12.1,5,1,71%,2,6.9,1650.0
SIM_29,2024-05-24,主场,玉溪,模拟球员3,后卫,9.1,1,2,76%,0,7.6,1650.0
SIM_29,2024-05-24,主场,玉溪,模拟球员4,门将,10.6,2,0,65%,3,7.9,1650.0
SIM_29,2024-05-24,主场,玉溪,模拟球员5,前锋,11.0,4,3,70%,4,7.7,1650.0
SIM_29,2024-05-24,主场,玉溪,模拟球员6,中场,11.9,0,0,83%,6,7.6,1650.0
SIM_29,2024-05-24,主场,玉溪,模拟球员7,门将,9.0,4,1,71%,6,6.1,1650.0
SIM_29,2024-05-24,主场,玉溪,模拟球员8,中场,11.9,2,0,78%,3,7.1,1650.0
SIM_29,2024-05-24,主场,玉溪,模拟球员9,后卫,11.2,4,0,86%,0,6.2,1650.0
SIM_29,2024-05-24,主场,玉溪,模拟球员10,中场,10.6,1,3,83%,6,7.2,1650.0
SIM_29,2024-05-24,主场,玉溪,模拟球员11,后卫,9.8,0,2,81%,1,6.8,1650.0
SIM_30,2024-05-27,客场,天津,模拟球员1,前锋,12.0,4,2,88%,4,6.7,5.0
SIM_30,2024-05-27,客场,天津,模拟球员2,中场,11.8,5,0,90%,0,8.6,5.0
SIM_30,2024-05-27,客场,天津,模拟球员3,前锋,11.4,3,2,86%,1,6.3,5.0
SIM_30,2024-05-27,客场,天津,模拟球员4,后卫,9.7,0,0,74%,2,6.3,5.0
SIM_30,2024-05-27,客场,天津,模拟球员5,后卫,10.2,0,1,81%,4,6.0,5.0
SIM_30,2024-05-27,客场,天津,模拟球员6,门将,11.4,5,3,83%,2,7.6,5.0
SIM_30,2024-05-27,客场,天津,模拟球员7,中场,10.8,3,1,89%,3,6.5,5.0
SIM_30,2024-05-27,客场,天津,模拟球员8,后卫,12.2,5,0,84%,1,6.4,5.0
SIM_30,2024-05-27,客场,天津,模拟球员9,门将,12.1,5,1,87%,3,7.0,5.0
SIM_30,2024-05-27,客场,天津,模拟球员10,后卫,9.9,2,3,78%,5,6.0,5.0
SIM_30,2024-05-27,客场,天津,模拟球员11,前锋,9.8,5,1,78%,4,7.8,5.0
