日期,周几,最高气温,最低气温,天气,风向,风级,湿度,比赛城市
2024-03-01,星期五,5℃,-4℃,晴,西南风,2级,16.0%,北京
2024-03-02,星期六,11℃,-3℃,晴,西北风,2级,11.5%,北京
2024-03-03,星期日,9℃,-2℃,晴~多云,东南风,1级,33.7%,北京
2024-03-04,星期一,6℃,0℃,阴~雨夹雪,东北风,2级,84.8%,北京
2024-03-05,星期二,4℃,-1℃,小雪~多云,北风,1级,58.4%,北京
2024-03-06,星期三,9℃,-1℃,多云,东北风,1级,59.8%,北京
2024-03-07,星期四,11℃,-2℃,多云~晴,西北风,3级,5.4%,北京
2024-03-08,星期五,11℃,-2℃,晴,西南风,1级,6.8%,北京
2024-03-09,星期六,14℃,-1℃,晴,西南风,2级,11.6%,北京
2024-03-10,星期日,13℃,1℃,阴~晴,东风,1级,36.7%,北京
2024-03-11,星期一,17℃,0℃,多云~晴,东北风,2级,9.2%,北京
2024-03-12,星期二,15℃,2℃,晴,西南风,1级,19.7%,北京
2024-03-13,星期三,20℃,2℃,晴,西北风,1级,0.3%,北京
2024-03-14,星期四,21℃,5℃,晴,西南风,2级,19.3%,北京
2024-03-15,星期五,21℃,7℃,多云~阴,南风,2级,51.9%,北京
2024-03-16,星期六,21℃,6℃,多云~晴,西北风,3级,29.9%,北京
2024-03-17,星期日,14℃,2℃,多云~晴,南风,1级,20.3%,北京
2024-03-18,星期一,16℃,3℃,多云~晴,东南风,1级,37.1%,北京
2024-03-19,星期二,16℃,1℃,晴,西北风,4级,34.2%,北京
2024-03-20,星期三,15℃,1℃,晴,西南风,2级,28.7%,北京
2024-03-21,星期四,13℃,4℃,阴~小雨,东南风,1级,80.8%,北京
2024-03-22,星期五,23℃,6℃,多云,西北风,3级,57.6%,北京
2024-03-23,星期六,21℃,8℃,多云~阴,东南风,1级,52.2%,北京
2024-03-24,星期日,12℃,6℃,阴~小雨,东南风,2级,86.1%,北京
2024-03-25,星期一,16℃,6℃,多云,东风,1级,40.2%,北京
2024-03-26,星期二,12℃,7℃,多云,西南风,2级,62.2%,北京
2024-03-27,星期三,10℃,8℃,小雨~扬沙,东风,微,82.9%,北京
2024-03-28,星期四,16℃,6℃,扬沙~多云,西北风,3级,68.9%,北京
2024-03-29,星期五,20℃,8℃,晴,西北风,3级,10.0%,北京
2024-03-30,星期六,22℃,8℃,晴,西北风,2级,31.8%,北京
2024-03-31,星期日,21℃,7℃,晴,东南风,1级,11.2%,北京
2024-04-01,星期一,14℃,9℃,多云,东南风,3级,56.1%,北京
2024-04-02,星期二,20℃,11℃,阴,东北风,2级,7.2%,北京
2024-04-03,星期三,20℃,10℃,阴~多云,西南风,2级,48.2%,北京
2024-04-04,星期四,16℃,5℃,多云~小雨,东南风,2级,98.2%,北京
2024-04-05,星期五,20℃,8℃,晴,南风,1级,35.8%,北京
2024-04-06,星期六,27℃,13℃,多云~晴,西风,1级,0.2%,北京
2024-04-07,星期日,26℃,12℃,阴~多云,西北风,1级,49.0%,北京
2024-04-08,星期一,21℃,8℃,扬沙~小雨,东南风,3级,92.9%,北京
2024-04-09,星期二,16℃,7℃,多云~小雨,南风,3级,88.5%,北京
2024-04-10,星期三,11℃,6℃,小雨,东南风,微,89.2%,北京
2024-04-11,星期四,22℃,11℃,多云~晴,西南风,1级,22.2%,北京
2024-04-12,星期五,27℃,16℃,多云,西南风,2级,63.1%,北京
2024-04-13,星期六,26℃,16℃,多云~小雨,南风,3级,87.4%,北京
2024-04-14,星期日,19℃,12℃,多云~小雨,西南风,2级,81.4%,北京
2024-04-15,星期一,23℃,11℃,晴,西北风,4级,6.0%,北京
2024-04-16,星期二,26℃,8℃,晴,西风,1级,37.1%,北京
2024-04-17,星期三,27℃,13℃,晴,西南风,1级,1.9%,北京
2024-04-18,星期四,29℃,15℃,多云,东南风,2级,64.2%,北京
2024-04-19,星期五,20℃,12℃,阴~小雨,东风,3级,95.6%,北京
2024-04-20,星期六,22℃,10℃,阴~晴,北风,1级,13.8%,北京
2024-04-21,星期日,24℃,13℃,多云~晴,南风,2级,8.9%,北京
2024-04-22,星期一,24℃,14℃,多云~小雨,东北风,1级,81.5%,北京
2024-04-23,星期二,20℃,9℃,阴~晴,东北风,3级,7.9%,北京
2024-04-24,星期三,25℃,12℃,晴,西南风,3级,19.2%,北京
2024-04-25,星期四,27℃,15℃,多云~晴,东南风,2级,12.7%,北京
2024-04-26,星期五,27℃,16℃,多云,西南风,1级,53.6%,北京
2024-04-27,星期六,22℃,15℃,小雨,东南风,3级,94.3%,北京
2024-04-28,星期日,16℃,11℃,阴~小雨,东风,3级,98.0%,北京
2024-04-29,星期一,14℃,7℃,小雨~多云,东北风,1级,82.6%,北京
2024-04-30,星期二,24℃,9℃,小雨~晴,西北风,2级,86.7%,北京
2024-05-01,星期三,26℃,11℃,阴~晴,西南风,2级,0.3%,北京
2024-05-02,星期四,27℃,13℃,晴,西南风,2级,12.4%,北京
2024-05-03,星期五,26℃,14℃,晴~多云,西南风,3级,23.7%,北京
2024-05-04,星期六,22℃,13℃,多云~阴,东南风,2级,64.9%,北京
2024-05-05,星期日,21℃,15℃,多云~小雨,东南风,1级,93.1%,北京
2024-05-06,星期一,26℃,14℃,多云~晴,东北风,3级,22.0%,北京
2024-05-07,星期二,28℃,13℃,多云~晴,东北风,1级,30.1%,北京
2024-05-08,星期三,29℃,16℃,多云~晴,西南风,2级,30.1%,北京
2024-05-09,星期四,28℃,19℃,多云,东南风,2级,56.7%,北京
2024-05-10,星期五,27℃,16℃,小雨~多云,西南风,2级,87.1%,北京
2024-05-11,星期六,25℃,14℃,晴,西北风,4级,12.6%,北京
2024-05-12,星期日,29℃,13℃,晴,西北风,3级,8.7%,北京
2024-05-13,星期一,31℃,18℃,晴,西南风,2级,3.1%,北京
2024-05-14,星期二,32℃,15℃,多云~晴,东北风,4级,20.2%,北京
2024-05-15,星期三,26℃,14℃,晴,西北风,2级,26.1%,北京
2024-05-16,星期四,28℃,16℃,多云~晴,西南风,2级,5.6%,北京
2024-05-17,星期五,31℃,18℃,晴,东风,2级,1.3%,北京
2024-05-18,星期六,31℃,20℃,多云~小雨,东南风,2级,89.7%,北京
2024-05-19,星期日,24℃,17℃,阴~多云,东风,2级,58.2%,北京
2024-05-20,星期一,26℃,16℃,阴~多云,南风,3级,40.7%,北京
2024-05-21,星期二,28℃,17℃,晴,南风,2级,30.3%,北京
2024-05-22,星期三,30℃,22℃,多云,西南风,2级,65.2%,北京
2024-05-23,星期四,29℃,17℃,阴~小雨,东北风,3级,95.7%,北京
2024-05-24,星期五,19℃,15℃,小雨,东南风,2级,85.9%,北京
2024-05-25,星期六,14℃,12℃,大雨~多云,东风,2级,98.3%,北京
2024-05-26,星期日,28℃,15℃,晴,西北风,4级,29.9%,北京
2024-05-27,星期一,29℃,15℃,多云~晴,东北风,1级,34.5%,北京
2024-05-28,星期二,30℃,20℃,阴~多云,西南风,1级,59.8%,北京
2024-05-29,星期三,31℃,20℃,阴~小雨,西南风,3级,84.7%,北京
2024-05-30,星期四,32℃,19℃,中雨~晴,西南风,2级,80.9%,北京
2024-05-31,星期五,22℃,16℃,小雨,北风,2级,81.7%,北京
2024-03-01,星期五,8℃,5℃,雾~多云,东南风,2级,74.5%,成都
2024-03-02,星期六,10℃,6℃,雾~多云,南风,2级,74.7%,成都
2024-03-03,星期日,11℃,7℃,多云,东北风,1级,61.3%,成都
2024-03-04,星期一,12℃,10℃,多云~小雨,东北风,1级,88.7%,成都
2024-03-05,星期二,16℃,9℃,雾~阴,东北风,2级,72.2%,成都
2024-03-06,星期三,13℃,9℃,阴,东南风,1级,49.2%,成都
2024-03-07,星期四,17℃,9℃,多云~阴,东南风,1级,58.5%,成都
2024-03-08,星期五,16℃,8℃,阴~小雨,东南风,2级,89.4%,成都
2024-03-09,星期六,17℃,10℃,雾~小雨,东风,1级,96.0%,成都
2024-03-10,星期日,15℃,8℃,阴~晴,东北风,2级,3.8%,成都
2024-03-11,星期一,23℃,11℃,雾~阴,东南风,2级,70.9%,成都
2024-03-12,星期二,16℃,11℃,阴~多云,北风,3级,60.2%,成都
2024-03-13,星期三,22℃,12℃,阴~多云,东北风,1级,44.3%,成都
2024-03-14,星期四,23℃,14℃,阴~多云,东南风,2级,55.4%,成都
2024-03-15,星期五,22℃,14℃,多云~阴,东风,2级,57.2%,成都
2024-03-16,星期六,19℃,12℃,阴,西北风,1级,9.9%,成都
2024-03-17,星期日,19℃,11℃,阴,东北风,2级,72.5%,成都
2024-03-18,星期一,21℃,12℃,阴,西风,2级,19.9%,成都
2024-03-19,星期二,20℃,11℃,阴,西南风,1级,92.8%,成都
2024-03-20,星期三,20℃,11℃,阴~晴,东南风,2级,7.2%,成都
2024-03-21,星期四,25℃,13℃,晴~多云,南风,2级,16.2%,成都
2024-03-22,星期五,26℃,15℃,多云~阴,东北风,2级,50.5%,成都
2024-03-23,星期六,28℃,15℃,多云~小雨,东北风,2级,89.1%,成都
2024-03-24,星期日,22℃,12℃,阴~小雨,东北风,3级,85.4%,成都
2024-03-25,星期一,25℃,13℃,雾~阴,南风,2级,70.8%,成都
2024-03-26,星期二,24℃,13℃,阴~小雨,西北风,2级,89.8%,成都
2024-03-27,星期三,17℃,12℃,小雨~晴,北风,2级,86.6%,成都
2024-03-28,星期四,28℃,13℃,晴,西南风,2级,32.8%,成都
2024-03-29,星期五,30℃,17℃,晴~多云,东北风,1级,22.3%,成都
2024-03-30,星期六,27℃,16℃,小雨~晴,东风,1级,85.7%,成都
2024-03-31,星期日,27℃,17℃,阴~多云,东南风,2级,42.7%,成都
2024-04-01,星期一,28℃,16℃,阴~小雨,东风,2级,94.8%,成都
2024-04-02,星期二,30℃,17℃,多云~中雨,南风,1级,85.8%,成都
2024-04-03,星期三,23℃,13℃,阴~中雨,西南风,1级,87.5%,成都
2024-04-04,星期四,27℃,15℃,阴~中雨,西南风,2级,90.6%,成都
2024-04-05,星期五,21℃,14℃,阴~中雨,东北风,3级,99.0%,成都
2024-04-06,星期六,18℃,13℃,阴~小雨,西北风,1级,95.6%,成都
2024-04-07,星期日,16℃,9℃,中雨~阴,西风,1级,92.3%,成都
2024-04-08,星期一,22℃,11℃,阴~小雨,东南风,1级,82.1%,成都
2024-04-09,星期二,22℃,14℃,阴~小雨,东风,1级,82.1%,成都
2024-04-10,星期三,25℃,13℃,阴~小雨,东北风,2级,81.9%,成都
2024-04-11,星期四,27℃,14℃,多云~阴,东南风,2级,51.2%,成都
2024-04-12,星期五,27℃,16℃,阴,东南风,2级,40.2%,成都
2024-04-13,星期六,29℃,15℃,阴~多云,东南风,2级,65.1%,成都
2024-04-14,星期日,32℃,18℃,多云~阴,东南风,2级,50.3%,成都
2024-04-15,星期一,32℃,18℃,多云~中雨,东北风,2级,94.4%,成都
2024-04-16,星期二,29℃,18℃,阴,东北风,2级,97.6%,成都
2024-04-17,星期三,26℃,18℃,小雨,西南风,1级,82.7%,成都
2024-04-18,星期四,19℃,17℃,暴雨~阴,东北风,2级,90.4%,成都
2024-04-19,星期五,28℃,17℃,多云~小雨,西南风,3级,87.6%,成都
2024-04-20,星期六,23℃,13℃,阴,西北风,2级,36.7%,成都
2024-04-21,星期日,28℃,15℃,多云~中雨,南风,2级,89.0%,成都
2024-04-22,星期一,26℃,16℃,小雨,东北风,2级,90.2%,成都
2024-04-23,星期二,23℃,15℃,阴~小雨,西风,1级,92.4%,成都
2024-04-24,星期三,24℃,15℃,阴~小雨,东风,2级,86.0%,成都
2024-04-25,星期四,26℃,16℃,阴,东南风,1级,47.2%,成都
2024-04-26,星期五,28℃,17℃,多云~小雨,东南风,1级,81.3%,成都
2024-04-27,星期六,32℃,19℃,多云,南风,1级,47.3%,成都
2024-04-28,星期日,31℃,19℃,阴~中雨,东南风,2级,81.8%,成都
2024-04-29,星期一,25℃,14℃,小雨~阴,东北风,3级,95.5%,成都
2024-04-30,星期二,25℃,13℃,多云~小雨,西南风,1级,94.0%,成都
2024-05-01,星期三,18℃,13℃,小雨,北风,1级,85.5%,成都
2024-05-02,星期四,17℃,14℃,小雨,东北风,2级,94.4%,成都
2024-05-03,星期五,20℃,15℃,阴~小雨,东北风,1级,93.7%,成都
2024-05-04,星期六,28℃,13℃,阴~晴,西南风,2级,32.6%,成都
2024-05-05,星期日,29℃,18℃,阴~多云,南风,2级,61.6%,成都
2024-05-06,星期一,29℃,17℃,阴,东北风,1级,59.8%,成都
2024-05-07,星期二,22℃,19℃,中雨~小雨,东北风,1级,98.7%,成都
2024-05-08,星期三,23℃,17℃,小雨~多云,西北风,2级,93.8%,成都
2024-05-09,星期四,29℃,18℃,阴~多云,东南风,2级,42.1%,成都
2024-05-10,星期五,23℃,19℃,阴~小雨,东风,2级,95.4%,成都
2024-05-11,星期六,25℃,17℃,小雨~阴,西南风,2级,91.5%,成都
2024-05-12,星期日,30℃,15℃,阴~晴,西南风,2级,24.4%,成都
2024-05-13,星期一,32℃,17℃,多云,南风,2级,52.9%,成都
2024-05-14,星期二,32℃,19℃,阴~多云,东风,2级,42.6%,成都
2024-05-15,星期三,32℃,20℃,多云~阴,东南风,1级,43.5%,成都
2024-05-16,星期四,32℃,22℃,阴,东南风,2级,68.3%,成都
2024-05-17,星期五,31℃,21℃,阴~多云,东南风,2级,64.2%,成都
2024-05-18,星期六,29℃,18℃,阴~多云,东北风,2级,40.5%,成都
2024-05-19,星期日,33℃,18℃,多云~晴,西南风,1级,18.9%,成都
2024-05-20,星期一,35℃,20℃,多云~晴,东南风,1级,6.2%,成都
2024-05-21,星期二,32℃,19℃,阴~晴,东风,1级,32.0%,成都
2024-05-22,星期三,33℃,20℃,阴~晴,东南风,2级,25.0%,成都
2024-05-23,星期四,35℃,21℃,多云~晴,南风,2级,17.7%,成都
2024-05-24,星期五,36℃,22℃,多云~小雨,南风,2级,91.7%,成都
2024-05-25,星期六,35℃,22℃,阴~多云,东北风,3级,54.2%,成都
2024-05-26,星期日,36℃,22℃,多云,东南风,2级,46.0%,成都
2024-05-27,星期一,31℃,22℃,阴~大雨,东北风,2级,88.5%,成都
2024-05-28,星期二,23℃,18℃,中雨,东北风,2级,83.8%,成都
2024-05-29,星期三,20℃,17℃,小雨~阴,东北风,3级,93.3%,成都
2024-05-30,星期四,31℃,19℃,阴~晴,西南风,2级,38.2%,成都
2024-05-31,星期五,33℃,21℃,阴,东南风,2级,75.3%,成都
2024-03-01,星期五,-3℃,-5℃,晴,西北风,4级,21.6%,大连
2024-03-02,星期六,4℃,-2℃,多云~晴,西风,4级,37.6%,大连
2024-03-03,星期日,5℃,-2℃,晴,东北风,3级,37.4%,大连
2024-03-04,星期一,4℃,1℃,多云,东南风,4级,62.2%,大连
2024-03-05,星期二,7℃,0℃,阴~多云,东北风,3级,57.3%,大连
2024-03-06,星期三,3℃,-2℃,阴~晴,北风,4级,33.0%,大连
2024-03-07,星期四,6℃,-1℃,多云~晴,西风,3级,29.3%,大连
2024-03-08,星期五,2℃,-2℃,晴,西北风,4级,30.7%,大连
2024-03-09,星期六,4℃,2℃,晴,西南风,3级,28.8%,大连
2024-03-10,星期日,9℃,5℃,阴~小雨,西南风,3级,97.7%,大连
2024-03-11,星期一,11℃,1℃,小雨~多云,东南风,1级,94.6%,大连
2024-03-12,星期二,8℃,3℃,晴,西北风,3级,6.6%,大连
2024-03-13,星期三,14℃,3℃,晴,西南风,3级,4.6%,大连
2024-03-14,星期四,15℃,8℃,晴,西南风,3级,21.6%,大连
2024-03-15,星期五,18℃,4℃,晴,西风,3级,29.2%,大连
2024-03-16,星期六,11℃,2℃,阴~多云,西南风,3级,45.3%,大连
2024-03-17,星期日,6℃,0℃,多云~晴,北风,4级,8.8%,大连
2024-03-18,星期一,10℃,2℃,晴~多云,西南风,2级,9.5%,大连
2024-03-19,星期二,7℃,2℃,阴~晴,西北风,4级,26.5%,大连
2024-03-20,星期三,7℃,3℃,晴,西北风,3级,19.5%,大连
2024-03-21,星期四,10℃,6℃,阴~小雨,东南风,3级,89.2%,大连
2024-03-22,星期五,13℃,3℃,阴~晴,南风,1级,15.9%,大连
2024-03-23,星期六,7℃,4℃,雾~多云,东南风,2级,74.0%,大连
2024-03-24,星期日,11℃,4℃,多云~阵雨,北风,3级,99.1%,大连
2024-03-25,星期一,7℃,4℃,小雨~阴,北风,3级,93.5%,大连
2024-03-26,星期二,14℃,5℃,晴,西北风,3级,2.0%,大连
2024-03-27,星期三,12℃,7℃,阴~雷阵雨,南风,4级,83.5%,大连
2024-03-28,星期四,13℃,4℃,多云~阵雨,西风,4级,88.0%,大连
2024-03-29,星期五,13℃,5℃,晴~多云,西北风,3级,2.6%,大连
2024-03-30,星期六,13℃,5℃,多云~晴,北风,3级,20.8%,大连
2024-03-31,星期日,10℃,4℃,多云~晴,东南风,3级,34.8%,大连
2024-04-01,星期一,12℃,7℃,多云~阵雨,东南风,3级,91.0%,大连
2024-04-02,星期二,11℃,8℃,多云,东风,4级,62.7%,大连
2024-04-03,星期三,12℃,7℃,阴~多云,北风,5级,61.4%,大连
2024-04-04,星期四,12℃,5℃,多云~晴,北风,3级,0.4%,大连
2024-04-05,星期五,15℃,9℃,阴~晴,西南风,3级,5.2%,大连
2024-04-06,星期六,20℃,9℃,多云~晴,西南风,3级,7.0%,大连
2024-04-07,星期日,18℃,8℃,阴~晴,西南风,1级,12.1%,大连
2024-04-08,星期一,17℃,5℃,多云~晴,东北风,3级,39.5%,大连
2024-04-09,星期二,15℃,6℃,阴~多云,东北风,1级,56.6%,大连
2024-04-10,星期三,15℃,11℃,阴,南风,2级,32.2%,大连
2024-04-11,星期四,17℃,11℃,阴~晴,南风,2级,31.6%,大连
2024-04-12,星期五,18℃,11℃,阴~多云,东南风,3级,45.2%,大连
2024-04-13,星期六,16℃,8℃,雾~多云,东南风,3级,71.4%,大连
2024-04-14,星期日,14℃,10℃,雾~中雨,东南风,3级,86.3%,大连
2024-04-15,星期一,17℃,11℃,雾~晴,西风,3级,72.5%,大连
2024-04-16,星期二,19℃,10℃,阴~晴,西北风,3级,38.6%,大连
2024-04-17,星期三,21℃,10℃,阴~晴,西南风,2级,15.7%,大连
2024-04-18,星期四,21℃,12℃,阴~晴,西北风,3级,37.4%,大连
2024-04-19,星期五,18℃,11℃,阴~多云,东风,3级,60.9%,大连
2024-04-20,星期六,18℃,10℃,阴~晴,东南风,3级,3.9%,大连
2024-04-21,星期日,19℃,11℃,多云~晴,东南风,2级,13.9%,大连
2024-04-22,星期一,17℃,11℃,多云~阴,东南风,3级,55.5%,大连
2024-04-23,星期二,13℃,9℃,小雨~雷阵雨,东南风,4级,95.0%,大连
2024-04-24,星期三,15℃,11℃,多云~晴,西南风,1级,17.0%,大连
2024-04-25,星期四,19℃,14℃,多云~晴,南风,2级,30.2%,大连
2024-04-26,星期五,21℃,12℃,多云~晴,东南风,2级,15.4%,大连
2024-04-27,星期六,20℃,13℃,多云,东风,2级,62.8%,大连
2024-04-28,星期日,20℃,10℃,多云~晴,东北风,2级,17.8%,大连
2024-04-29,星期一,17℃,10℃,晴~阴,西北风,4级,12.7%,大连
2024-04-30,星期二,19℃,12℃,多云~晴,西北风,3级,22.3%,大连
2024-05-01,星期三,23℃,14℃,阴~晴,西南风,2级,31.1%,大连
2024-05-02,星期四,25℃,14℃,阴~晴,西南风,3级,1.0%,大连
2024-05-03,星期五,24℃,14℃,多云~晴,西南风,2级,34.7%,大连
2024-05-04,星期六,20℃,14℃,阴~阵雨,东南风,2级,86.9%,大连
2024-05-05,星期日,17℃,11℃,小雨,东北风,3级,88.8%,大连
2024-05-06,星期一,17℃,12℃,阴,西北风,4级,11.2%,大连
2024-05-07,星期二,22℃,13℃,多云~晴,北风,2级,25.0%,大连
2024-05-08,星期三,24℃,15℃,阴~晴,西南风,1级,28.8%,大连
2024-05-09,星期四,25℃,16℃,多云,西风,3级,48.2%,大连
2024-05-10,星期五,20℃,14℃,多云~雷阵雨,南风,5级,80.4%,大连
2024-05-11,星期六,21℃,14℃,多云~晴,西风,4级,3.7%,大连
2024-05-12,星期日,22℃,16℃,阴~晴,西北风,3级,18.8%,大连
2024-05-13,星期一,25℃,18℃,多云~晴,西南风,4级,1.0%,大连
2024-05-14,星期二,27℃,16℃,多云~阴,西风,2级,60.5%,大连
2024-05-15,星期三,20℃,15℃,晴,西北风,4级,28.6%,大连
2024-05-16,星期四,23℃,15℃,多云~晴,西南风,2级,29.8%,大连
2024-05-17,星期五,20℃,15℃,多云~晴,东风,3级,37.3%,大连
2024-05-18,星期六,17℃,15℃,多云,东风,3级,53.1%,大连
2024-05-19,星期日,20℃,14℃,中雨~雷阵雨,东风,2级,86.1%,大连
2024-05-20,星期一,21℃,13℃,多云~晴,西北风,1级,6.4%,大连
2024-05-21,星期二,18℃,15℃,雾~晴,东南风,3级,73.8%,大连
2024-05-22,星期三,21℃,14℃,雾~晴,东南风,3级,74.7%,大连
2024-05-23,星期四,25℃,16℃,多云,西北风,1级,41.5%,大连
2024-05-24,星期五,21℃,16℃,雾~阵雨,东风,2级,81.5%,大连
2024-05-25,星期六,22℃,16℃,阴~中雨,东南风,3级,91.6%,大连
2024-05-26,星期日,20℃,15℃,小雨~晴,西北风,3级,96.6%,大连
2024-05-27,星期一,24℃,16℃,多云~晴,西北风,3级,16.4%,大连
2024-05-28,星期二,24℃,17℃,晴,西南风,2级,21.1%,大连
2024-05-29,星期三,26℃,17℃,阴~晴,西南风,3级,23.0%,大连
2024-05-30,星期四,21℃,16℃,阴~雷阵雨,南风,3级,98.0%,大连
2024-05-31,星期五,22℃,16℃,阴~晴,西北风,4级,3.2%,大连
2024-03-01,星期五,4℃,3℃,雨夹雪~阴,东北风,2级,87.2%,贵阳
2024-03-02,星期六,7℃,4℃,雾~多云,东北风,2级,78.2%,贵阳
2024-03-03,星期日,12℃,8℃,雾~小雨,西南风,1级,83.4%,贵阳
2024-03-04,星期一,21℃,12℃,阴~小雨,西南风,2级,99.5%,贵阳
2024-03-05,星期二,11℃,9℃,小雨,东北风,3级,80.6%,贵阳
2024-03-06,星期三,9℃,8℃,多云~阴,东北风,2级,43.3%,贵阳
2024-03-07,星期四,11℃,7℃,雾~阴,东北风,2级,73.8%,贵阳
2024-03-08,星期五,17℃,9℃,雾~小雨,东北风,2级,84.7%,贵阳
2024-03-09,星期六,10℃,8℃,小雨,东北风,2级,83.1%,贵阳
2024-03-10,星期日,12℃,9℃,雾~中雨,东北风,1级,96.8%,贵阳
2024-03-11,星期一,19℃,8℃,小雨~晴,东北风,2级,93.5%,贵阳
2024-03-12,星期二,25℃,10℃,晴~多云,北风,1级,13.9%,贵阳
2024-03-13,星期三,19℃,13℃,阴~小雨,南风,1级,90.4%,贵阳
2024-03-14,星期四,12℃,11℃,小雨,东北风,1级,89.4%,贵阳
2024-03-15,星期五,16℃,14℃,小雨,西北风,1级,89.1%,贵阳
2024-03-16,星期六,23℃,16℃,雾~多云,西北风,1级,74.3%,贵阳
2024-03-17,星期日,28℃,14℃,雾~阴,东北风,1级,71.3%,贵阳
2024-03-18,星期一,15℃,7℃,小雨,东北风,3级,95.3%,贵阳
2024-03-19,星期二,13℃,8℃,小雨~晴,东北风,2级,91.2%,贵阳
2024-03-20,星期三,20℃,8℃,雾~多云,东北风,2级,78.0%,贵阳
2024-03-21,星期四,21℃,17℃,阴,西南风,2级,91.1%,贵阳
2024-03-22,星期五,23℃,19℃,阴~多云,南风,3级,51.5%,贵阳
2024-03-23,星期六,26℃,20℃,阴~多云,南风,3级,59.1%,贵阳
2024-03-24,星期日,28℃,20℃,阴~多云,南风,3级,55.7%,贵阳
2024-03-25,星期一,28℃,11℃,大雨~多云,东北风,2级,97.1%,贵阳
2024-03-26,星期二,20℃,12℃,阴~多云,东北风,2级,40.2%,贵阳
2024-03-27,星期三,26℃,15℃,阴~中雨,西南风,2级,82.8%,贵阳
2024-03-28,星期四,23℃,13℃,雾~晴,东北风,2级,72.4%,贵阳
2024-03-29,星期五,30℃,18℃,多云~小雨,西南风,1级,93.4%,贵阳
2024-03-30,星期六,28℃,18℃,多云~中雨,西南风,2级,80.6%,贵阳
2024-03-31,星期日,27℃,21℃,多云,东北风,2级,53.4%,贵阳
2024-04-01,星期一,29℃,23℃,大雨~小雨,南风,2级,84.0%,贵阳
2024-04-02,星期二,31℃,20℃,多云~小雨,南风,3级,84.3%,贵阳
2024-04-03,星期三,26℃,23℃,雾~中雨,东北风,2级,97.6%,贵阳
2024-04-04,星期四,15℃,14℃,暴雨~小雨,东北风,2级,88.6%,贵阳
2024-04-05,星期五,15℃,14℃,中雨~小雨,东北风,2级,90.3%,贵阳
2024-04-06,星期六,13℃,12℃,大雨,东北风,2级,98.3%,贵阳
2024-04-07,星期日,15℃,12℃,中雨~小雨,东北风,2级,80.4%,贵阳
2024-04-08,星期一,16℃,12℃,雾~晴,东北风,2级,71.6%,贵阳
2024-04-09,星期二,21℃,16℃,雾~多云,东北风,2级,76.0%,贵阳
2024-04-10,星期三,22℃,18℃,雾~小雨,西风,1级,90.7%,贵阳
2024-04-11,星期四,26℃,18℃,多云~大雨,西南风,1级,86.4%,贵阳
2024-04-12,星期五,21℃,19℃,小雨,西北风,1级,86.1%,贵阳
2024-04-13,星期六,30℃,22℃,多云,南风,2级,55.0%,贵阳
2024-04-14,星期日,29℃,20℃,多云,西南风,3级,59.2%,贵阳
2024-04-15,星期一,30℃,21℃,多云~小雨,西南风,2级,95.1%,贵阳
2024-04-16,星期二,28℃,21℃,小雨~中雨,西南风,2级,91.7%,贵阳
2024-04-17,星期三,26℃,19℃,小雨,西北风,1级,98.7%,贵阳
2024-04-18,星期四,24℃,18℃,中雨~多云,东北风,1级,89.4%,贵阳
2024-04-19,星期五,27℃,20℃,小雨~中雨,南风,2级,97.3%,贵阳
2024-04-20,星期六,22℃,19℃,中雨~大雨,东北风,1级,87.7%,贵阳
2024-04-21,星期日,20℃,16℃,小雨,北风,1级,88.2%,贵阳
2024-04-22,星期一,24℃,18℃,多云,北风,1级,48.6%,贵阳
2024-04-23,星期二,23℃,16℃,小雨~多云,东北风,2级,94.7%,贵阳
2024-04-24,星期三,24℃,20℃,雾~中雨,北风,1级,92.6%,贵阳
2024-04-25,星期四,25℃,19℃,中雨~小雨,东北风,1级,91.3%,贵阳
2024-04-26,星期五,29℃,20℃,雾~小雨,西北风,1级,86.7%,贵阳
2024-04-27,星期六,27℃,19℃,大雨~小雨,西南风,1级,82.7%,贵阳
2024-04-28,星期日,32℃,20℃,多云~小雨,西南风,1级,87.1%,贵阳
2024-04-29,星期一,30℃,18℃,多云~大雨,南风,2级,88.2%,贵阳
2024-04-30,星期二,20℃,14℃,小雨,东北风,2级,96.7%,贵阳
2024-05-01,星期三,15℃,14℃,小雨,东北风,2级,84.5%,贵阳
2024-05-02,星期四,19℃,14℃,小雨,东北风,1级,90.7%,贵阳
2024-05-03,星期五,22℃,16℃,小雨,西北风,1级,92.5%,贵阳
2024-05-04,星期六,20℃,16℃,大雨~小雨,东北风,1级,99.7%,贵阳
2024-05-05,星期日,23℃,16℃,小雨~多云,东北风,1级,94.7%,贵阳
2024-05-06,星期一,26℃,19℃,阴~小雨,西北风,1级,97.1%,贵阳
2024-05-07,星期二,29℃,19℃,多云~小雨,东北风,1级,97.3%,贵阳
2024-05-08,星期三,28℃,21℃,阴,东北风,1级,93.2%,贵阳
2024-05-09,星期四,23℃,19℃,阴~多云,东北风,1级,66.3%,贵阳
2024-05-10,星期五,28℃,22℃,阴~多云,西南风,2级,43.6%,贵阳
2024-05-11,星期六,30℃,21℃,阴~中雨,西南风,2级,80.6%,贵阳
2024-05-12,星期日,24℃,18℃,小雨~多云,东北风,1级,99.6%,贵阳
2024-05-13,星期一,27℃,15℃,阴~晴,东北风,2级,25.4%,贵阳
2024-05-14,星期二,30℃,16℃,晴,东北风,1级,22.3%,贵阳
2024-05-15,星期三,30℃,19℃,阴~多云,东北风,2级,64.4%,贵阳
2024-05-16,星期四,29℃,19℃,阴~多云,西风,1级,40.1%,贵阳
2024-05-17,星期五,24℃,21℃,小雨~阴,西南风,1级,92.3%,贵阳
2024-05-18,星期六,24℃,20℃,小雨,西南风,1级,98.6%,贵阳
2024-05-19,星期日,21℃,20℃,中雨~小雨,东南风,1级,93.6%,贵阳
2024-05-20,星期一,23℃,20℃,阴,东北风,2级,37.3%,贵阳
2024-05-21,星期二,24℃,21℃,雾~小雨,东北风,2级,94.1%,贵阳
2024-05-22,星期三,25℃,21℃,小雨,东北风,1级,94.0%,贵阳
2024-05-23,星期四,31℃,21℃,雾~晴,西北风,1级,74.0%,贵阳
2024-05-24,星期五,32℃,23℃,阴~晴,西北风,1级,38.5%,贵阳
2024-05-25,星期六,33℃,24℃,阴~小雨,西南风,2级,92.2%,贵阳
2024-05-26,星期日,30℃,24℃,阴~暴雨,西南风,2级,94.9%,贵阳
2024-05-27,星期一,28℃,22℃,小雨~多云,东北风,2级,93.7%,贵阳
2024-05-28,星期二,28℃,22℃,雾~多云,东北风,2级,70.3%,贵阳
2024-05-29,星期三,30℃,19℃,阴~多云,东风,1级,42.0%,贵阳
2024-05-30,星期四,30℃,20℃,阴~小雨,东北风,2级,86.7%,贵阳
2024-05-31,星期五,22℃,19℃,阴~小雨,东北风,2级,85.0%,贵阳
2024-03-01,星期五,-9℃,-17℃,阴~晴,西北风,3级,24.4%,哈尔滨
2024-03-02,星期六,-8℃,-17℃,阴~晴,西南风,2级,7.7%,哈尔滨
2024-03-03,星期日,-6℃,-16℃,阴~晴,西风,2级,27.9%,哈尔滨
2024-03-04,星期一,-3℃,-12℃,阴~晴,西风,2级,28.8%,哈尔滨
2024-03-05,星期二,-1℃,-14℃,阴~晴,西风,2级,26.7%,哈尔滨
2024-03-06,星期三,0℃,-14℃,阴~晴,西南风,2级,28.0%,哈尔滨
2024-03-07,星期四,1℃,-11℃,雾~多云,西南风,1级,72.6%,哈尔滨
2024-03-08,星期五,-3℃,-14℃,阴~晴,西北风,3级,35.9%,哈尔滨
2024-03-09,星期六,1℃,-13℃,晴,西南风,2级,36.3%,哈尔滨
2024-03-10,星期日,4℃,-7℃,雾~晴,西南风,2级,76.6%,哈尔滨
2024-03-11,星期一,3℃,-7℃,阴~晴,西北风,2级,6.3%,哈尔滨
2024-03-12,星期二,4℃,-5℃,多云~晴,西南风,2级,6.1%,哈尔滨
2024-03-13,星期三,6℃,-2℃,晴~多云,西风,1级,25.4%,哈尔滨
2024-03-14,星期四,8℃,0℃,多云,西南风,2级,44.7%,哈尔滨
2024-03-15,星期五,6℃,-5℃,多云,西北风,4级,67.4%,哈尔滨
2024-03-16,星期六,1℃,-6℃,中雪~小雪,东风,3级,3.0%,哈尔滨
2024-03-17,星期日,1℃,-8℃,晴,西北风,3级,34.2%,哈尔滨
2024-03-18,星期一,1℃,-8℃,多云~晴,东北风,2级,27.3%,哈尔滨
2024-03-19,星期二,3℃,-7℃,阴~多云,西风,1级,58.7%,哈尔滨
2024-03-20,星期三,3℃,-8℃,多云~晴,西北风,2级,13.2%,哈尔滨
2024-03-21,星期四,4℃,-5℃,晴,东南风,2级,0.4%,哈尔滨
2024-03-22,星期五,6℃,-3℃,多云~雨夹雪,东南风,3级,86.9%,哈尔滨
2024-03-23,星期六,5℃,-6℃,雨夹雪~晴,西南风,3级,96.2%,哈尔滨
2024-03-24,星期日,5℃,-5℃,晴,西风,2级,32.8%,哈尔滨
2024-03-25,星期一,10℃,-3℃,多云~晴,西北风,1级,1.5%,哈尔滨
2024-03-26,星期二,9℃,-2℃,雾~晴,东南风,2级,71.8%,哈尔滨
2024-03-27,星期三,13℃,6℃,阴~小雨,南风,4级,85.1%,哈尔滨
2024-03-28,星期四,8℃,-4℃,阴~晴,西南风,5级,29.1%,哈尔滨
2024-03-29,星期五,3℃,-3℃,阴~多云,西南风,4级,42.4%,哈尔滨
2024-03-30,星期六,2℃,-5℃,阴~多云,西风,3级,48.4%,哈尔滨
2024-03-31,星期日,1℃,-5℃,多云~晴,西北风,3级,14.7%,哈尔滨
2024-04-01,星期一,5℃,-4℃,晴,西北风,3级,35.5%,哈尔滨
2024-04-02,星期二,10℃,-3℃,阴~晴,西南风,3级,3.7%,哈尔滨
2024-04-03,星期三,10℃,-2℃,阴~多云,西北风,3级,46.4%,哈尔滨
2024-04-04,星期四,11℃,0℃,晴,西北风,3级,3.3%,哈尔滨
2024-04-05,星期五,14℃,7℃,晴~多云,西南风,4级,30.0%,哈尔滨
2024-04-06,星期六,15℃,-2℃,多云~晴,西风,4级,21.7%,哈尔滨
2024-04-07,星期日,13℃,-5℃,阴~晴,西南风,3级,9.1%,哈尔滨
2024-04-08,星期一,2℃,-5℃,晴,西北风,3级,0.8%,哈尔滨
2024-04-09,星期二,10℃,-1℃,晴,西南风,3级,16.3%,哈尔滨
2024-04-10,星期三,16℃,5℃,多云~晴,西南风,3级,24.2%,哈尔滨
2024-04-11,星期四,19℃,11℃,多云~阵雨,西南风,4级,85.4%,哈尔滨
2024-04-12,星期五,23℃,12℃,小雨~多云,西南风,4级,90.2%,哈尔滨
2024-04-13,星期六,23℃,12℃,阴~晴,西南风,4级,29.5%,哈尔滨
2024-04-14,星期日,24℃,14℃,多云,西南风,5级,61.5%,哈尔滨
2024-04-15,星期一,21℃,7℃,小雨,西南风,2级,96.9%,哈尔滨
2024-04-16,星期二,13℃,2℃,阴~晴,西北风,3级,11.9%,哈尔滨
2024-04-17,星期三,21℃,7℃,多云,西南风,2级,67.4%,哈尔滨
2024-04-18,星期四,19℃,2℃,阴~晴,西北风,3级,2.6%,哈尔滨
2024-04-19,星期五,13℃,1℃,晴,西北风,4级,30.7%,哈尔滨
2024-04-20,星期六,16℃,3℃,阴~多云,东南风,3级,60.9%,哈尔滨
2024-04-21,星期日,21℃,10℃,多云,南风,3级,58.8%,哈尔滨
2024-04-22,星期一,22℃,8℃,多云~小雨,南风,4级,99.4%,哈尔滨
2024-04-23,星期二,17℃,8℃,阴~多云,北风,1级,42.1%,哈尔滨
2024-04-24,星期三,19℃,10℃,阴~多云,西南风,3级,55.9%,哈尔滨
2024-04-25,星期四,19℃,7℃,阴~多云,西风,4级,51.3%,哈尔滨
2024-04-26,星期五,17℃,8℃,阴~多云,西北风,3级,62.6%,哈尔滨
2024-04-27,星期六,16℃,4℃,阴~多云,西北风,3级,67.2%,哈尔滨
2024-04-28,星期日,13℃,2℃,阴~晴,北风,3级,38.4%,哈尔滨
2024-04-29,星期一,14℃,5℃,阴~多云,东北风,2级,56.5%,哈尔滨
2024-04-30,星期二,18℃,7℃,阴~晴,西南风,2级,21.2%,哈尔滨
2024-05-01,星期三,25℃,12℃,晴,西南风,3级,12.7%,哈尔滨
2024-05-02,星期四,22℃,8℃,阴~晴,西北风,4级,32.8%,哈尔滨
2024-05-03,星期五,28℃,13℃,晴,南风,2级,16.1%,哈尔滨
2024-05-04,星期六,28℃,15℃,多云,西南风,4级,41.7%,哈尔滨
2024-05-05,星期日,20℃,11℃,阴~多云,北风,3级,65.9%,哈尔滨
2024-05-06,星期一,20℃,6℃,多云~晴,东北风,4级,8.5%,哈尔滨
2024-05-07,星期二,21℃,7℃,晴,东北风,2级,30.5%,哈尔滨
2024-05-08,星期三,25℃,10℃,阴~多云,西南风,4级,63.1%,哈尔滨
2024-05-09,星期四,21℃,13℃,多云~小雨,西北风,3级,92.5%,哈尔滨
2024-05-10,星期五,13℃,10℃,小雨~中雨,东南风,4级,87.3%,哈尔滨
2024-05-11,星期六,14℃,5℃,阴~阵雨,西南风,5级,84.9%,哈尔滨
2024-05-12,星期日,16℃,7℃,多云,西北风,3级,67.0%,哈尔滨
2024-05-13,星期一,21℃,10℃,阴~阵雨,西南风,2级,88.4%,哈尔滨
2024-05-14,星期二,15℃,5℃,阴~晴,西北风,4级,20.7%,哈尔滨
2024-05-15,星期三,17℃,5℃,阴~晴,西北风,3级,30.3%,哈尔滨
2024-05-16,星期四,20℃,10℃,晴,东南风,1级,7.4%,哈尔滨
2024-05-17,星期五,27℃,16℃,晴~雷阵雨,西南风,4级,93.4%,哈尔滨
2024-05-18,星期六,19℃,9℃,阴~多云,西北风,4级,40.4%,哈尔滨
2024-05-19,星期日,16℃,6℃,阴~多云,东南风,2级,47.1%,哈尔滨
2024-05-20,星期一,21℃,11℃,多云~晴,南风,1级,30.0%,哈尔滨
2024-05-21,星期二,28℃,18℃,阴~多云,西南风,4级,64.2%,哈尔滨
2024-05-22,星期三,23℃,12℃,阴~多云,西北风,3级,45.5%,哈尔滨
2024-05-23,星期四,19℃,8℃,多云,西北风,4级,50.8%,哈尔滨
2024-05-24,星期五,21℃,7℃,阴~晴,西北风,3级,35.9%,哈尔滨
2024-05-25,星期六,22℃,12℃,阴~小雨,西南风,2级,82.8%,哈尔滨
2024-05-26,星期日,12℃,11℃,中雨~小雨,东北风,4级,95.3%,哈尔滨
2024-05-27,星期一,20℃,9℃,阴~阵雨,东北风,3级,91.7%,哈尔滨
2024-05-28,星期二,20℃,8℃,小雨~多云,西北风,3级,97.3%,哈尔滨
2024-05-29,星期三,20℃,10℃,阴~小雨,东北风,2级,82.1%,哈尔滨
2024-05-30,星期四,11℃,10℃,中雨~小雨,东北风,4级,87.7%,哈尔滨
2024-05-31,星期五,11℃,8℃,小雨,北风,1级,85.3%,哈尔滨
2024-03-01,星期五,5℃,0℃,晴,西北风,1级,1.5%,济南
2024-03-02,星期六,10℃,3℃,晴,西南风,3级,36.3%,济南
2024-03-03,星期日,15℃,5℃,晴~多云,西北风,1级,15.0%,济南
2024-03-04,星期一,10℃,5℃,阴,东南风,1级,89.3%,济南
2024-03-05,星期二,4℃,0℃,小雨~阴,东北风,3级,80.7%,济南
2024-03-06,星期三,9℃,0℃,阴~多云,东北风,2级,67.7%,济南
2024-03-07,星期四,10℃,-2℃,阴~晴,西风,2级,33.1%,济南
2024-03-08,星期五,10℃,-1℃,晴,北风,2级,12.6%,济南
2024-03-09,星期六,14℃,7℃,晴,西南风,2级,22.5%,济南
2024-03-10,星期日,16℃,9℃,阴~多云,西南风,3级,61.5%,济南
2024-03-11,星期一,18℃,3℃,多云~晴,西北风,3级,19.6%,济南
2024-03-12,星期二,14℃,5℃,晴,东北风,2级,30.0%,济南
2024-03-13,星期三,16℃,8℃,阴~多云,西南风,3级,66.6%,济南
2024-03-14,星期四,21℃,12℃,晴,西南风,2级,16.2%,济南
2024-03-15,星期五,21℃,12℃,晴~阴,南风,3级,12.9%,济南
2024-03-16,星期六,20℃,9℃,阴,西南风,2级,20.7%,济南
2024-03-17,星期日,14℃,7℃,多云,东北风,4级,55.2%,济南
2024-03-18,星期一,15℃,6℃,阴~多云,西南风,4级,54.1%,济南
2024-03-19,星期二,15℃,4℃,晴,西北风,3级,39.1%,济南
2024-03-20,星期三,17℃,11℃,晴,东风,1级,0.9%,济南
2024-03-21,星期四,22℃,15℃,阴~多云,西南风,4级,62.8%,济南
2024-03-22,星期五,21℃,13℃,阴~晴,西北风,2级,19.1%,济南
2024-03-23,星期六,26℃,13℃,阴,东南风,3级,59.7%,济南
2024-03-24,星期日,21℃,5℃,阴~小雨,东北风,3级,84.9%,济南
2024-03-25,星期一,6℃,3℃,雾~多云,东北风,2级,74.5%,济南
2024-03-26,星期二,18℃,13℃,多云~晴,西南风,3级,13.1%,济南
2024-03-27,星期三,18℃,9℃,阴~多云,西南风,4级,55.9%,济南
2024-03-28,星期四,21℃,10℃,阴~多云,西北风,2级,53.6%,济南
2024-03-29,星期五,23℃,13℃,晴,东北风,2级,38.5%,济南
2024-03-30,星期六,23℃,13℃,晴,东北风,3级,39.4%,济南
2024-03-31,星期日,25℃,15℃,晴,西南风,3级,5.7%,济南
2024-04-01,星期一,28℃,11℃,多云,西南风,2级,52.6%,济南
2024-04-02,星期二,17℃,8℃,多云~小雨,东北风,3级,90.3%,济南
2024-04-03,星期三,13℃,10℃,阴,东北风,4级,51.8%,济南
2024-04-04,星期四,17℃,9℃,阴~多云,东北风,2级,68.2%,济南
2024-04-05,星期五,21℃,14℃,多云~晴,西南风,2级,21.3%,济南
2024-04-06,星期六,24℃,15℃,阴~晴,西南风,3级,6.6%,济南
2024-04-07,星期日,26℃,17℃,多云~晴,西风,1级,27.3%,济南
2024-04-08,星期一,27℃,10℃,多云,东北风,2级,63.3%,济南
2024-04-09,星期二,19℃,15℃,晴~多云,东北风,2级,32.7%,济南
2024-04-10,星期三,23℃,17℃,阴~多云,西南风,3级,42.2%,济南
2024-04-11,星期四,27℃,18℃,多云~晴,西南风,3级,36.1%,济南
2024-04-12,星期五,27℃,18℃,晴,西南风,3级,36.9%,济南
2024-04-13,星期六,27℃,16℃,阴~多云,南风,3级,48.0%,济南
2024-04-14,星期日,19℃,14℃,小雨~多云,东南风,1级,95.4%,济南
2024-04-15,星期一,23℃,13℃,阴~晴,西北风,3级,16.6%,济南
2024-04-16,星期二,26℃,14℃,多云~晴,东北风,2级,6.4%,济南
2024-04-17,星期三,27℃,17℃,多云~晴,西北风,2级,13.6%,济南
2024-04-18,星期四,29℃,16℃,晴~多云,西南风,2级,19.2%,济南
2024-04-19,星期五,27℃,12℃,阴~多云,东南风,1级,58.6%,济南
2024-04-20,星期六,21℃,13℃,多云~晴,西北风,2级,5.7%,济南
2024-04-21,星期日,23℃,15℃,多云,西风,1级,43.5%,济南
2024-04-22,星期一,28℃,16℃,多云~雷阵雨,西南风,2级,84.7%,济南
2024-04-23,星期二,19℃,13℃,小雨~晴,西北风,3级,84.8%,济南
2024-04-24,星期三,27℃,20℃,晴,西南风,3级,2.1%,济南
2024-04-25,星期四,29℃,20℃,晴,西南风,4级,13.9%,济南
2024-04-26,星期五,30℃,19℃,晴,南风,3级,9.4%,济南
2024-04-27,星期六,31℃,16℃,多云,东南风,2级,64.3%,济南
2024-04-28,星期日,24℃,11℃,阴,东北风,2级,82.0%,济南
2024-04-29,星期一,19℃,10℃,阴~多云,东北风,3级,40.2%,济南
2024-04-30,星期二,21℃,11℃,阴~晴,东北风,3级,33.7%,济南
2024-05-01,星期三,25℃,16℃,阴~晴,西南风,1级,30.5%,济南
2024-05-02,星期四,26℃,15℃,晴,西南风,3级,5.9%,济南
2024-05-03,星期五,27℃,18℃,晴~多云,东南风,2级,24.7%,济南
2024-05-04,星期六,18℃,14℃,小雨~阴,南风,2级,93.6%,济南
2024-05-05,星期日,17℃,13℃,阴,东北风,2级,50.4%,济南
2024-05-06,星期一,24℃,14℃,阴~多云,西北风,1级,60.4%,济南
2024-05-07,星期二,26℃,13℃,阴~晴,东北风,3级,11.6%,济南
2024-05-08,星期三,29℃,19℃,多云~晴,东北风,1级,38.8%,济南
2024-05-09,星期四,29℃,21℃,晴,西南风,4级,12.2%,济南
2024-05-10,星期五,31℃,19℃,多云~雷阵雨,西南风,4级,99.7%,济南
2024-05-11,星期六,26℃,13℃,多云~晴,西北风,3级,7.2%,济南
2024-05-12,星期日,27℃,15℃,晴,西北风,3级,26.2%,济南
2024-05-13,星期一,31℃,23℃,晴,西南风,2级,19.3%,济南
2024-05-14,星期二,32℃,18℃,晴~雷阵雨,西南风,3级,87.6%,济南
2024-05-15,星期三,24℃,17℃,晴,东北风,3级,10.4%,济南
2024-05-16,星期四,28℃,23℃,阴~多云,西南风,4级,62.4%,济南
2024-05-17,星期五,34℃,23℃,晴,西南风,2级,9.4%,济南
2024-05-18,星期六,37℃,27℃,晴,西风,1级,10.2%,济南
2024-05-19,星期日,34℃,18℃,多云,西南风,3级,52.6%,济南
2024-05-20,星期一,25℃,18℃,多云~晴,东北风,3级,21.1%,济南
2024-05-21,星期二,30℃,22℃,多云,西北风,1级,53.5%,济南
2024-05-22,星期三,32℃,23℃,晴,南风,3级,6.8%,济南
2024-05-23,星期四,34℃,20℃,多云~晴,南风,3级,0.1%,济南
2024-05-24,星期五,29℃,19℃,多云,东北风,3级,65.9%,济南
2024-05-25,星期六,28℃,19℃,多云~雷阵雨,西南风,1级,94.9%,济南
2024-05-26,星期日,26℃,16℃,雾~晴,北风,3级,75.3%,济南
2024-05-27,星期一,29℃,16℃,阴~晴,东北风,3级,7.7%,济南
2024-05-28,星期二,32℃,22℃,阴~晴,西南风,微,32.4%,济南
2024-05-29,星期三,31℃,23℃,阴,西南风,4级,95.6%,济南
2024-05-30,星期四,33℃,22℃,多云~晴,西南风,2级,4.0%,济南
2024-05-31,星期五,29℃,17℃,多云~晴,东北风,4级,7.4%,济南
2024-03-01,星期五,6℃,-1℃,阴~多云,东北风,3级,65.2%,南京
2024-03-02,星期六,10℃,0℃,阴~晴,西南风,2级,18.4%,南京
2024-03-03,星期日,14℃,6℃,多云~小雨,南风,2级,87.5%,南京
2024-03-04,星期一,9℃,8℃,小雨,东风,2级,93.4%,南京
2024-03-05,星期二,8℃,4℃,小雨~阴,西北风,3级,87.7%,南京
2024-03-06,星期三,11℃,0℃,阴~多云,东北风,3级,51.1%,南京
2024-03-07,星期四,13℃,3℃,晴~多云,西风,2级,38.7%,南京
2024-03-08,星期五,13℃,2℃,多云,西北风,2级,67.5%,南京
2024-03-09,星期六,14℃,4℃,多云~晴,东南风,2级,29.9%,南京
2024-03-10,星期日,16℃,9℃,多云~阴,东南风,3级,46.5%,南京
2024-03-11,星期一,20℃,8℃,多云~晴,西风,3级,19.6%,南京
2024-03-12,星期二,16℃,4℃,晴~多云,东北风,3级,10.0%,南京
2024-03-13,星期三,17℃,10℃,阴,东南风,3级,48.0%,南京
2024-03-14,星期四,14℃,6℃,阴~多云,东北风,2级,65.9%,南京
2024-03-15,星期五,19℃,10℃,多云,东南风,3级,43.7%,南京
2024-03-16,星期六,23℃,14℃,阴~小雨,西北风,1级,91.1%,南京
2024-03-17,星期日,14℃,5℃,小雨~阴,东北风,3级,94.6%,南京
2024-03-18,星期一,10℃,5℃,阴~多云,东北风,2级,43.6%,南京
2024-03-19,星期二,18℃,5℃,晴,西北风,3级,11.5%,南京
2024-03-20,星期三,20℃,6℃,晴~多云,东北风,2级,13.4%,南京
2024-03-21,星期四,23℃,12℃,多云~晴,东南风,3级,21.1%,南京
2024-03-22,星期五,26℃,17℃,晴~大雨,西南风,3级,84.8%,南京
2024-03-23,星期六,18℃,15℃,小雨~中雨,东风,3级,99.3%,南京
2024-03-24,星期日,15℃,12℃,多云~大雨,东北风,2级,88.2%,南京
2024-03-25,星期一,13℃,7℃,小雨~多云,西北风,3级,89.2%,南京
2024-03-26,星期二,16℃,8℃,阴~多云,西北风,1级,43.1%,南京
2024-03-27,星期三,12℃,11℃,小雨~阵雨,东南风,3级,97.1%,南京
2024-03-28,星期四,18℃,14℃,阴~多云,西北风,2级,54.4%,南京
2024-03-29,星期五,28℃,13℃,晴,西南风,4级,11.6%,南京
2024-03-30,星期六,31℃,14℃,阴~多云,西南风,1级,63.5%,南京
2024-03-31,星期日,23℃,13℃,阴~晴,东北风,1级,29.9%,南京
2024-04-01,星期一,27℃,16℃,多云~暴雨,东南风,3级,98.3%,南京
2024-04-02,星期二,19℃,14℃,中雨~大雨,东南风,1级,98.7%,南京
2024-04-03,星期三,16℃,11℃,阴,北风,3级,57.6%,南京
2024-04-04,星期四,19℃,7℃,阴~多云,东北风,3级,56.0%,南京
2024-04-05,星期五,19℃,10℃,多云~阴,东北风,3级,55.5%,南京
2024-04-06,星期六,18℃,13℃,阴,东北风,2级,65.6%,南京
2024-04-07,星期日,15℃,12℃,小雨,东风,3级,85.5%,南京
2024-04-08,星期一,17℃,8℃,小雨~多云,东北风,2级,99.5%,南京
2024-04-09,星期二,23℃,13℃,晴~阴,东北风,2级,10.2%,南京
2024-04-10,星期三,23℃,14℃,阴~小雨,东南风,3级,91.5%,南京
2024-04-11,星期四,23℃,17℃,阴~阵雨,东南风,1级,92.2%,南京
2024-04-12,星期五,20℃,15℃,小雨~多云,东北风,2级,83.7%,南京
2024-04-13,星期六,21℃,15℃,阴~阵雨,东南风,3级,94.1%,南京
2024-04-14,星期日,22℃,16℃,阴,西南风,1级,87.6%,南京
2024-04-15,星期一,27℃,18℃,多云~阴,西南风,1级,54.8%,南京
2024-04-16,星期二,26℃,16℃,多云~阴,东北风,3级,46.8%,南京
2024-04-17,星期三,16℃,10℃,中雨~晴,东北风,2级,96.2%,南京
2024-04-18,星期四,24℃,13℃,雾~多云,东南风,2级,73.7%,南京
2024-04-19,星期五,20℃,15℃,中雨,东南风,4级,94.2%,南京
2024-04-20,星期六,23℃,13℃,阴~多云,西北风,3级,59.2%,南京
2024-04-21,星期日,23℃,14℃,阴~多云,东北风,2级,60.1%,南京
2024-04-22,星期一,24℃,16℃,阴,东风,2级,70.0%,南京
2024-04-23,星期二,25℃,14℃,小雨~多云,西南风,1级,87.6%,南京
2024-04-24,星期三,26℃,14℃,多云,东南风,2级,63.0%,南京
2024-04-25,星期四,25℃,16℃,阴,东南风,3级,15.0%,南京
2024-04-26,星期五,26℃,16℃,多云,东南风,3级,63.2%,南京
2024-04-27,星期六,26℃,17℃,多云~小雨,东风,3级,92.1%,南京
2024-04-28,星期日,20℃,17℃,小雨~阴,东北风,3级,80.3%,南京
2024-04-29,星期一,22℃,13℃,小雨~阴,北风,2级,91.8%,南京
2024-04-30,星期二,15℃,11℃,小雨~阵雨,东北风,3级,99.1%,南京
2024-05-01,星期三,22℃,12℃,阴~多云,东北风,1级,52.4%,南京
2024-05-02,星期四,22℃,14℃,阴~多云,东风,3级,57.6%,南京
2024-05-03,星期五,21℃,15℃,阴~小雨,东南风,3级,93.0%,南京
2024-05-04,星期六,18℃,17℃,小雨~大雨,东南风,2级,89.4%,南京
2024-05-05,星期日,18℃,15℃,小雨~阴,西风,3级,87.5%,南京
2024-05-06,星期一,26℃,16℃,雾~多云,西南风,3级,72.5%,南京
2024-05-07,星期二,27℃,15℃,阴~多云,东北风,2级,51.5%,南京
2024-05-08,星期三,25℃,13℃,晴,东北风,3级,26.0%,南京
2024-05-09,星期四,24℃,15℃,阴~多云,东南风,3级,47.1%,南京
2024-05-10,星期五,29℃,21℃,多云~雷阵雨,南风,3级,86.3%,南京
2024-05-11,星期六,25℃,16℃,暴雨~阴,西北风,2级,96.8%,南京
2024-05-12,星期日,25℃,14℃,阴~晴,东北风,2级,39.7%,南京
2024-05-13,星期一,27℃,14℃,晴,西南风,1级,3.4%,南京
2024-05-14,星期二,28℃,15℃,晴,东南风,2级,6.2%,南京
2024-05-15,星期三,25℃,13℃,晴,东北风,4级,11.5%,南京
2024-05-16,星期四,28℃,17℃,晴,西南风,3级,25.3%,南京
2024-05-17,星期五,31℃,19℃,晴,西南风,3级,13.7%,南京
2024-05-18,星期六,33℃,19℃,晴~多云,东南风,3级,23.2%,南京
2024-05-19,星期日,29℃,19℃,阴~多云,东南风,4级,52.8%,南京
2024-05-20,星期一,28℃,22℃,阴,东风,3级,3.6%,南京
2024-05-21,星期二,27℃,19℃,阴,东风,3级,58.1%,南京
2024-05-22,星期三,27℃,20℃,阴~多云,东南风,3级,60.7%,南京
2024-05-23,星期四,30℃,21℃,多云,东南风,3级,68.9%,南京
2024-05-24,星期五,31℃,22℃,阴~多云,东风,3级,45.5%,南京
2024-05-25,星期六,29℃,24℃,多云,东南风,3级,45.1%,南京
2024-05-26,星期日,32℃,20℃,阴~中雨,西北风,2级,90.1%,南京
2024-05-27,星期一,18℃,13℃,中雨~阴,东北风,3级,97.0%,南京
2024-05-28,星期二,27℃,16℃,阴~多云,东北风,2级,41.1%,南京
2024-05-29,星期三,27℃,19℃,阴,东南风,4级,13.6%,南京
2024-05-30,星期四,21℃,19℃,大雨~雷阵雨,东北风,1级,91.4%,南京
2024-05-31,星期五,26℃,19℃,雾~多云,东南风,1级,77.7%,南京
2024-03-01,星期五,1℃,-2℃,多云~晴,西北风,4级,19.9%,青岛
2024-03-02,星期六,9℃,1℃,晴,西南风,4级,33.4%,青岛
2024-03-03,星期日,10℃,4℃,多云~晴,西南风,2级,25.2%,青岛
2024-03-04,星期一,8℃,5℃,阴~小雨,东南风,3级,96.7%,青岛
2024-03-05,星期二,7℃,2℃,小雨~阴,东北风,3级,81.1%,青岛
2024-03-06,星期三,8℃,-2℃,阴~晴,北风,3级,22.6%,青岛
2024-03-07,星期四,5℃,-1℃,雨夹雪~阴,南风,2级,95.2%,青岛
2024-03-08,星期五,6℃,0℃,阴~晴,西北风,3级,36.7%,青岛
2024-03-09,星期六,5℃,3℃,晴,南风,3级,27.8%,青岛
2024-03-10,星期日,6℃,5℃,多云~阴,南风,3级,55.5%,青岛
2024-03-11,星期一,10℃,4℃,小雨~多云,南风,3级,86.9%,青岛
2024-03-12,星期二,12℃,3℃,雾~晴,西北风,3级,72.6%,青岛
2024-03-13,星期三,12℃,5℃,阴~多云,西南风,3级,43.6%,青岛
2024-03-14,星期四,12℃,4℃,阴~晴,南风,2级,23.9%,青岛
2024-03-15,星期五,11℃,5℃,雾~晴,南风,3级,70.6%,青岛
2024-03-16,星期六,11℃,6℃,阴~多云,东南风,3级,42.5%,青岛
2024-03-17,星期日,10℃,3℃,阴~多云,东北风,3级,51.8%,青岛
2024-03-18,星期一,10℃,5℃,多云,西南风,3级,46.5%,青岛
2024-03-19,星期二,13℃,4℃,晴,西北风,4级,34.5%,青岛
2024-03-20,星期三,10℃,5℃,晴,西北风,2级,13.9%,青岛
2024-03-21,星期四,9℃,6℃,晴~多云,东南风,4级,16.9%,青岛
2024-03-22,星期五,18℃,7℃,阴~多云,西南风,2级,42.8%,青岛
2024-03-23,星期六,17℃,9℃,阴~多云,东风,3级,46.9%,青岛
2024-03-24,星期日,18℃,8℃,多云~小雨,东北风,3级,80.1%,青岛
2024-03-25,星期一,9℃,5℃,中雨~小雨,北风,4级,97.1%,青岛
2024-03-26,星期二,14℃,8℃,晴~多云,西南风,1级,11.9%,青岛
2024-03-27,星期三,9℃,7℃,雾~多云,南风,3级,76.3%,青岛
2024-03-28,星期四,17℃,10℃,多云,西北风,2级,50.8%,青岛
2024-03-29,星期五,18℃,9℃,晴~多云,西北风,3级,27.5%,青岛
2024-03-30,星期六,19℃,7℃,多云~晴,西北风,3级,15.3%,青岛
2024-03-31,星期日,13℃,8℃,多云~晴,东南风,3级,20.3%,青岛
2024-04-01,星期一,17℃,8℃,多云,东南风,3级,44.7%,青岛
2024-04-02,星期二,12℃,11℃,小雨,东风,3级,88.1%,青岛
2024-04-03,星期三,18℃,9℃,阴~多云,北风,3级,62.6%,青岛
2024-04-04,星期四,18℃,6℃,阴~晴,北风,3级,28.4%,青岛
2024-04-05,星期五,15℃,9℃,多云,南风,2级,49.7%,青岛
2024-04-06,星期六,15℃,9℃,多云,南风,3级,53.9%,青岛
2024-04-07,星期日,15℃,9℃,雾~多云,南风,3级,78.7%,青岛
2024-04-08,星期一,18℃,8℃,多云~晴,东南风,2级,14.4%,青岛
2024-04-09,星期二,15℃,9℃,晴,东南风,2级,12.7%,青岛
2024-04-10,星期三,14℃,10℃,阴~多云,东南风,3级,43.3%,青岛
2024-04-11,星期四,14℃,10℃,多云~晴,东南风,3级,5.6%,青岛
2024-04-12,星期五,13℃,11℃,雾~小雨,东南风,3级,93.2%,青岛
2024-04-13,星期六,13℃,10℃,雾~小雨,东南风,3级,85.4%,青岛
2024-04-14,星期日,14℃,12℃,中雨~小雨,东南风,3级,81.1%,青岛
2024-04-15,星期一,19℃,10℃,小雨~多云,西南风,2级,98.1%,青岛
2024-04-16,星期二,22℃,9℃,阴~晴,西北风,1级,26.9%,青岛
2024-04-17,星期三,18℃,10℃,阴~晴,南风,2级,27.3%,青岛
2024-04-18,星期四,23℃,12℃,多云~晴,南风,2级,13.9%,青岛
2024-04-19,星期五,19℃,12℃,阴~小雨,东南风,3级,88.5%,青岛
2024-04-20,星期六,17℃,11℃,阴~多云,东北风,3级,62.0%,青岛
2024-04-21,星期日,19℃,12℃,多云~晴,东南风,2级,6.2%,青岛
2024-04-22,星期一,17℃,12℃,多云,东南风,3级,45.8%,青岛
2024-04-23,星期二,13℃,12℃,小雨~阴,西南风,2级,93.9%,青岛
2024-04-24,星期三,22℃,13℃,多云~晴,西北风,2级,1.9%,青岛
2024-04-25,星期四,18℃,13℃,多云~晴,东南风,3级,25.2%,青岛
2024-04-26,星期五,17℃,13℃,晴,东南风,3级,38.9%,青岛
2024-04-27,星期六,14℃,13℃,多云~晴,南风,3级,15.1%,青岛
2024-04-28,星期日,17℃,12℃,雾~多云,东南风,2级,75.7%,青岛
2024-04-29,星期一,22℃,11℃,晴~多云,西北风,2级,22.5%,青岛
2024-04-30,星期二,18℃,11℃,阴~多云,东北风,3级,43.5%,青岛
2024-05-01,星期三,24℃,12℃,阴~晴,西南风,2级,5.8%,青岛
2024-05-02,星期四,25℃,12℃,晴,南风,2级,35.9%,青岛
2024-05-03,星期五,18℃,13℃,多云~晴,东南风,3级,30.2%,青岛
2024-05-04,星期六,20℃,14℃,阴~小雨,东南风,3级,86.6%,青岛
2024-05-05,星期日,14℃,13℃,中雨~阴,西北风,3级,89.5%,青岛
2024-05-06,星期一,18℃,13℃,小雨~多云,西北风,3级,93.5%,青岛
2024-05-07,星期二,23℃,12℃,阴~晴,西北风,4级,20.8%,青岛
2024-05-08,星期三,23℃,14℃,多云~晴,西南风,1级,29.3%,青岛
2024-05-09,星期四,22℃,15℃,阴~晴,西南风,3级,36.5%,青岛
2024-05-10,星期五,17℃,15℃,晴~小雨,东南风,4级,96.5%,青岛
2024-05-11,星期六,23℃,13℃,阴~晴,北风,2级,25.1%,青岛
2024-05-12,星期日,24℃,13℃,晴,西北风,1级,4.6%,青岛
2024-05-13,星期一,24℃,15℃,晴,东南风,2级,12.1%,青岛
2024-05-14,星期二,21℃,14℃,多云~小雨,南风,3级,97.9%,青岛
2024-05-15,星期三,21℃,14℃,多云~晴,北风,4级,22.7%,青岛
2024-05-16,星期四,24℃,18℃,多云~阴,西南风,3级,44.4%,青岛
2024-05-17,星期五,22℃,17℃,阴~多云,东南风,3级,46.6%,青岛
2024-05-18,星期六,20℃,16℃,多云~晴,东南风,3级,7.4%,青岛
2024-05-19,星期日,19℃,16℃,多云,东南风,3级,62.4%,青岛
2024-05-20,星期一,21℃,16℃,多云,东南风,2级,67.1%,青岛
2024-05-21,星期二,18℃,16℃,阴~晴,东南风,3级,12.1%,青岛
2024-05-22,星期三,17℃,16℃,雾~晴,东南风,3级,76.9%,青岛
2024-05-23,星期四,18℃,16℃,雾~晴,东南风,3级,72.3%,青岛
2024-05-24,星期五,18℃,16℃,雾~多云,东南风,3级,72.1%,青岛
2024-05-25,星期六,18℃,17℃,雾~小雨,东南风,3级,82.8%,青岛
2024-05-26,星期日,21℃,15℃,中雨~晴,西北风,2级,88.8%,青岛
2024-05-27,星期一,24℃,14℃,多云~晴,东南风,1级,37.3%,青岛
2024-05-28,星期二,26℃,16℃,晴,西南风,2级,6.7%,青岛
2024-05-29,星期三,21℃,18℃,阴~多云,南风,3级,52.6%,青岛
2024-05-30,星期四,21℃,18℃,阴~多云,东南风,3级,55.5%,青岛
2024-05-31,星期五,28℃,16℃,多云~晴,西北风,2级,13.8%,青岛
2024-03-01,星期五,6℃,0℃,阴,北风,3级,81.1%,上海
2024-03-02,星期六,9℃,3℃,多云~晴,西南风,2级,28.6%,上海
2024-03-03,星期日,14℃,8℃,晴~小雨,东南风,2级,90.8%,上海
2024-03-04,星期一,11℃,10℃,小雨,东南风,3级,86.5%,上海
2024-03-05,星期二,12℃,6℃,小雨,西北风,3级,95.0%,上海
2024-03-06,星期三,11℃,4℃,阴,北风,3级,46.9%,上海
2024-03-07,星期四,12℃,5℃,多云~晴,北风,2级,7.2%,上海
2024-03-08,星期五,12℃,4℃,阴~晴,北风,3级,4.8%,上海
2024-03-09,星期六,13℃,5℃,晴,东北风,2级,28.7%,上海
2024-03-10,星期日,14℃,8℃,晴~小雨,东南风,3级,90.9%,上海
2024-03-11,星期一,15℃,7℃,小雨~晴,西南风,2级,94.7%,上海
2024-03-12,星期二,16℃,5℃,阴,北风,3级,71.0%,上海
2024-03-13,星期三,14℃,8℃,多云~阴,东南风,3级,68.5%,上海
2024-03-14,星期四,14℃,9℃,阴~多云,东北风,1级,68.1%,上海
2024-03-15,星期五,18℃,12℃,多云~阴,东南风,3级,60.7%,上海
2024-03-16,星期六,19℃,12℃,阴,东南风,1级,5.7%,上海
2024-03-17,星期日,14℃,8℃,阴,东北风,3级,79.9%,上海
2024-03-18,星期一,11℃,7℃,阴,东北风,2级,69.4%,上海
2024-03-19,星期二,18℃,5℃,多云~晴,西北风,3级,19.8%,上海
2024-03-20,星期三,18℃,7℃,晴~多云,西北风,3级,29.6%,上海
2024-03-21,星期四,20℃,11℃,晴,东南风,3级,15.0%,上海
2024-03-22,星期五,24℃,16℃,多云~小雨,南风,3级,82.3%,上海
2024-03-23,星期六,23℃,15℃,阴~小雨,东风,2级,96.2%,上海
2024-03-24,星期日,21℃,15℃,小雨,北风,2级,80.5%,上海
2024-03-25,星期一,21℃,11℃,阴~小雨,西北风,2级,92.2%,上海
2024-03-26,星期二,15℃,8℃,阴~多云,西北风,3级,47.6%,上海
2024-03-27,星期三,17℃,12℃,阴~中雨,东南风,3级,90.9%,上海
2024-03-28,星期四,15℃,11℃,小雨~多云,西北风,2级,86.4%,上海
2024-03-29,星期五,27℃,15℃,阴,西南风,3级,2.4%,上海
2024-03-30,星期六,29℃,13℃,阴,西南风,2级,98.5%,上海
2024-03-31,星期日,18℃,11℃,雾~晴,东北风,2级,76.0%,上海
2024-04-01,星期一,24℃,15℃,多云~中雨,东南风,3级,89.8%,上海
2024-04-02,星期二,21℃,19℃,小雨~中雨,南风,3级,90.8%,上海
2024-04-03,星期三,20℃,12℃,阴,西北风,3级,79.5%,上海
2024-04-04,星期四,18℃,12℃,阴~小雨,东北风,3级,96.3%,上海
2024-04-05,星期五,19℃,12℃,晴~小雨,东北风,3级,88.5%,上海
2024-04-06,星期六,17℃,12℃,阴~晴,东风,2级,13.9%,上海
2024-04-07,星期日,15℃,12℃,小雨,东风,2级,82.9%,上海
2024-04-08,星期一,13℃,11℃,小雨~阴,东北风,3级,94.1%,上海
2024-04-09,星期二,23℃,11℃,小雨~多云,东北风,2级,89.9%,上海
2024-04-10,星期三,22℃,14℃,雾~阴,东南风,3级,70.9%,上海
2024-04-11,星期四,23℃,16℃,阴~小雨,东南风,2级,99.8%,上海
2024-04-12,星期五,17℃,15℃,中雨~小雨,东南风,2级,89.4%,上海
2024-04-13,星期六,19℃,15℃,雾~小雨,东风,2级,85.0%,上海
2024-04-14,星期日,23℃,17℃,雾~小雨,东南风,3级,80.7%,上海
2024-04-15,星期一,27℃,16℃,雾~阴,北风,1级,74.2%,上海
2024-04-16,星期二,26℃,14℃,雾~小雨,东风,2级,90.1%,上海
2024-04-17,星期三,15℃,11℃,大雨~阴,东北风,3级,84.0%,上海
2024-04-18,星期四,23℃,14℃,雾~阴,东北风,2级,74.8%,上海
2024-04-19,星期五,22℃,16℃,阴~中雨,东南风,4级,94.5%,上海
2024-04-20,星期六,23℃,15℃,阴,西北风,3级,16.8%,上海
2024-04-21,星期日,20℃,15℃,阴~小雨,北风,2级,88.7%,上海
2024-04-22,星期一,22℃,14℃,阴~小雨,东风,2级,92.9%,上海
2024-04-23,星期二,21℃,15℃,小雨~阴,北风,1级,94.8%,上海
2024-04-24,星期三,27℃,16℃,晴~阴,北风,2级,29.9%,上海
2024-04-25,星期四,25℃,14℃,阴~小雨,东南风,3级,87.1%,上海
2024-04-26,星期五,19℃,16℃,阴,东南风,3级,78.9%,上海
2024-04-27,星期六,20℃,17℃,阴,东风,2级,26.3%,上海
2024-04-28,星期日,20℃,17℃,小雨,东南风,2级,80.8%,上海
2024-04-29,星期一,22℃,14℃,阴,西北风,3级,31.2%,上海
2024-04-30,星期二,18℃,13℃,中雨~小雨,东北风,3级,87.9%,上海
2024-05-01,星期三,22℃,14℃,阴~多云,西北风,3级,70.0%,上海
2024-05-02,星期四,20℃,16℃,阴~多云,东北风,3级,57.6%,上海
2024-05-03,星期五,23℃,15℃,多云~阴,东南风,3级,60.4%,上海
2024-05-04,星期六,19℃,17℃,阴~中雨,东南风,3级,85.3%,上海
2024-05-05,星期日,21℃,17℃,小雨,西风,2级,87.4%,上海
2024-05-06,星期一,26℃,17℃,阴~多云,西风,2级,63.3%,上海
2024-05-07,星期二,27℃,16℃,阴~晴,东北风,2级,18.7%,上海
2024-05-08,星期三,24℃,14℃,晴~多云,东北风,3级,2.0%,上海
2024-05-09,星期四,23℃,17℃,阴,东南风,3级,81.4%,上海
2024-05-10,星期五,26℃,19℃,晴~小雨,东南风,4级,83.0%,上海
2024-05-11,星期六,24℃,18℃,中雨,西南风,2级,96.3%,上海
2024-05-12,星期日,22℃,16℃,阴~多云,东北风,3级,42.6%,上海
2024-05-13,星期一,27℃,17℃,阴~晴,东北风,2级,21.6%,上海
2024-05-14,星期二,27℃,15℃,晴,东南风,2级,5.2%,上海
2024-05-15,星期三,27℃,14℃,阴~晴,北风,3级,2.7%,上海
2024-05-16,星期四,27℃,17℃,晴,西南风,3级,33.4%,上海
2024-05-17,星期五,29℃,20℃,晴,东南风,3级,1.6%,上海
2024-05-18,星期六,29℃,19℃,多云~晴,东南风,4级,13.9%,上海
2024-05-19,星期日,28℃,20℃,阴,东南风,3级,29.9%,上海
2024-05-20,星期一,27℃,20℃,阴,东南风,3级,17.8%,上海
2024-05-21,星期二,26℃,20℃,阴~多云,东南风,3级,47.7%,上海
2024-05-22,星期三,27℃,19℃,阴~多云,东风,2级,55.9%,上海
2024-05-23,星期四,27℃,20℃,阴,东南风,2级,7.5%,上海
2024-05-24,星期五,29℃,21℃,阴,东风,3级,97.0%,上海
2024-05-25,星期六,25℃,22℃,阴,东南风,3级,79.0%,上海
2024-05-26,星期日,34℃,21℃,小雨~阴,西南风,2级,86.8%,上海
2024-05-27,星期一,22℃,17℃,小雨~阴,东北风,4级,86.5%,上海
2024-05-28,星期二,27℃,18℃,晴~阴,东北风,3级,36.4%,上海
2024-05-29,星期三,27℃,19℃,阴~多云,东南风,3级,42.2%,上海
2024-05-30,星期四,26℃,20℃,阴~小雨,东南风,3级,92.6%,上海
2024-05-31,星期五,21℃,19℃,轻度雾霾,西南风,1级,70.7%,上海
2024-03-01,星期五,11℃,8℃,阴~小雨,北风,3级,87.6%,深圳
2024-03-02,星期六,11℃,10℃,小雨~阴,北风,2级,91.6%,深圳
2024-03-03,星期日,18℃,17℃,阴,东南风,2级,32.1%,深圳
2024-03-04,星期一,22℃,20℃,阴,东南风,3级,69.7%,深圳
2024-03-05,星期二,27℃,19℃,阴~小雨,南风,3级,85.4%,深圳
2024-03-06,星期三,26℃,15℃,小雨~阴,西北风,2级,83.1%,深圳
2024-03-07,星期四,19℃,14℃,阴,东北风,2级,64.1%,深圳
2024-03-08,星期五,23℃,14℃,阴,东北风,2级,98.0%,深圳
2024-03-09,星期六,15℃,13℃,阴~小雨,东风,3级,96.9%,深圳
2024-03-10,星期日,15℃,14℃,中雨~小雨,东北风,2级,87.4%,深圳
2024-03-11,星期一,17℃,14℃,中雨~晴,北风,2级,82.4%,深圳
2024-03-12,星期二,24℃,15℃,晴~多云,东风,2级,2.2%,深圳
2024-03-13,星期三,24℃,17℃,多云~阴,东风,3级,49.9%,深圳
2024-03-14,星期四,23℃,18℃,阴,东南风,3级,10.8%,深圳
2024-03-15,星期五,24℃,19℃,阴~多云,东南风,3级,54.7%,深圳
2024-03-16,星期六,25℃,20℃,阴~多云,东南风,2级,69.1%,深圳
2024-03-17,星期日,27℃,20℃,阴,南风,2级,37.8%,深圳
2024-03-18,星期一,25℃,17℃,阴~小雨,东南风,3级,91.9%,深圳
2024-03-19,星期二,24℃,16℃,小雨~晴,东北风,3级,84.0%,深圳
2024-03-20,星期三,25℃,17℃,多云,东南风,2级,64.7%,深圳
2024-03-21,星期四,25℃,19℃,多云,东南风,3级,60.4%,深圳
2024-03-22,星期五,28℃,21℃,多云~小雨,东南风,3级,97.8%,深圳
2024-03-23,星期六,28℃,22℃,多云~阴,东南风,3级,66.2%,深圳
2024-03-24,星期日,31℃,24℃,阴~多云,东南风,3级,66.8%,深圳
2024-03-25,星期一,29℃,22℃,阴~多云,南风,3级,51.6%,深圳
2024-03-26,星期二,30℃,21℃,阴~多云,南风,1级,67.6%,深圳
2024-03-27,星期三,26℃,22℃,阴~多云,东南风,3级,53.3%,深圳
2024-03-28,星期四,27℃,22℃,阴~多云,西南风,1级,49.0%,深圳
2024-03-29,星期五,29℃,23℃,阴~多云,西南风,2级,44.9%,深圳
2024-03-30,星期六,30℃,25℃,阴~雷阵雨,南风,3级,87.5%,深圳
2024-03-31,星期日,28℃,24℃,多云~雷阵雨,西南风,4级,86.0%,深圳
2024-04-01,星期一,30℃,26℃,阴~多云,南风,4级,47.7%,深圳
2024-04-02,星期二,30℃,26℃,阴~多云,南风,4级,69.8%,深圳
2024-04-03,星期三,28℃,24℃,阴~多云,南风,3级,57.4%,深圳
2024-04-04,星期四,30℃,25℃,阴~阵雨,南风,3级,87.7%,深圳
2024-04-05,星期五,29℃,23℃,阴~小雨,东南风,3级,98.5%,深圳
2024-04-06,星期六,25℃,23℃,暴雨~雷阵雨,东南风,3级,92.1%,深圳
2024-04-07,星期日,28℃,24℃,小雨~多云,东南风,3级,84.7%,深圳
2024-04-08,星期一,27℃,22℃,阴,西南风,2级,90.0%,深圳
2024-04-09,星期二,24℃,20℃,阴,东北风,2级,20.7%,深圳
2024-04-10,星期三,28℃,22℃,阴~多云,东南风,2级,53.1%,深圳
2024-04-11,星期四,30℃,22℃,阴~多云,东南风,2级,66.5%,深圳
2024-04-12,星期五,30℃,23℃,阴~晴,南风,2级,27.7%,深圳
2024-04-13,星期六,30℃,24℃,阴~晴,西南风,3级,30.3%,深圳
2024-04-14,星期日,32℃,24℃,阴~多云,南风,3级,41.4%,深圳
2024-04-15,星期一,30℃,25℃,阴~多云,西南风,3级,47.0%,深圳
2024-04-16,星期二,31℃,24℃,阴~多云,西南风,3级,46.0%,深圳
2024-04-17,星期三,31℃,24℃,阴~多云,西南风,3级,63.2%,深圳
2024-04-18,星期四,29℃,24℃,小雨~多云,西南风,3级,97.8%,深圳
2024-04-19,星期五,29℃,25℃,中雨~阵雨,南风,4级,86.5%,深圳
2024-04-20,星期六,28℃,25℃,小雨~雷阵雨,南风,4级,91.5%,深圳
2024-04-21,星期日,24℃,21℃,暴雨,南风,2级,98.8%,深圳
2024-04-22,星期一,27℃,23℃,中雨~大雨,西南风,2级,84.0%,深圳
2024-04-23,星期二,27℃,22℃,大暴雨~阵雨,西南风,2级,83.9%,深圳
2024-04-24,星期三,29℃,23℃,阴~大雨,东南风,1级,91.6%,深圳
2024-04-25,星期四,27℃,24℃,大雨~暴雨,南风,3级,91.5%,深圳
2024-04-26,星期五,27℃,24℃,大雨,西南风,3级,83.1%,深圳
2024-04-27,星期六,29℃,25℃,阴~雷阵雨,南风,3级,87.4%,深圳
2024-04-28,星期日,25℃,24℃,小雨~阵雨,南风,3级,91.9%,深圳
2024-04-29,星期一,30℃,25℃,小雨~雷阵雨,南风,3级,88.6%,深圳
2024-04-30,星期二,29℃,23℃,阴~大雨,南风,3级,92.3%,深圳
2024-05-01,星期三,24℃,22℃,中雨~雷阵雨,西南风,1级,89.2%,深圳
2024-05-02,星期四,25℃,23℃,阴~阵雨,东风,2级,84.1%,深圳
2024-05-03,星期五,27℃,24℃,阴~阵雨,东南风,3级,82.2%,深圳
2024-05-04,星期六,23℃,22℃,大暴雨~雷阵雨,东南风,3级,99.3%,深圳
2024-05-05,星期日,28℃,24℃,阴~多云,南风,2级,68.6%,深圳
2024-05-06,星期一,32℃,24℃,阴~多云,西南风,2级,61.8%,深圳
2024-05-07,星期二,31℃,24℃,多云~阵雨,南风,1级,95.1%,深圳
2024-05-08,星期三,30℃,23℃,小雨~多云,东南风,1级,80.3%,深圳
2024-05-09,星期四,29℃,23℃,小雨~多云,东风,3级,94.5%,深圳
2024-05-10,星期五,28℃,24℃,阴~多云,东南风,3级,48.8%,深圳
2024-05-11,星期六,31℃,25℃,阴~阵雨,东南风,2级,98.5%,深圳
2024-05-12,星期日,30℃,24℃,小雨~阵雨,西南风,2级,83.3%,深圳
2024-05-13,星期一,31℃,23℃,小雨~阴,东北风,2级,92.7%,深圳
2024-05-14,星期二,29℃,22℃,多云~晴,东南风,2级,22.2%,深圳
2024-05-15,星期三,30℃,21℃,多云~晴,东南风,1级,24.8%,深圳
2024-05-16,星期四,30℃,22℃,多云,东南风,3级,50.3%,深圳
2024-05-17,星期五,29℃,23℃,多云,东南风,2级,57.5%,深圳
2024-05-18,星期六,29℃,25℃,阴~雷阵雨,东风,2级,89.9%,深圳
2024-05-19,星期日,25℃,22℃,小雨~暴雨,东风,3级,97.5%,深圳
2024-05-20,星期一,25℃,23℃,小雨~雷阵雨,东风,3级,86.9%,深圳
2024-05-21,星期二,26℃,24℃,大雨~阵雨,东北风,2级,95.5%,深圳
2024-05-22,星期三,28℃,24℃,阴~阵雨,西北风,1级,95.2%,深圳
2024-05-23,星期四,29℃,24℃,暴雨~雷阵雨,东南风,2级,83.7%,深圳
2024-05-24,星期五,26℃,24℃,中雨~阵雨,东南风,2级,82.9%,深圳
2024-05-25,星期六,30℃,25℃,阴~阵雨,东南风,2级,81.7%,深圳
2024-05-26,星期日,29℃,26℃,小雨~阵雨,南风,2级,90.3%,深圳
2024-05-27,星期一,29℃,24℃,阴~大雨,西南风,3级,97.5%,深圳
2024-05-28,星期二,32℃,24℃,小雨~阵雨,东南风,1级,99.7%,深圳
2024-05-29,星期三,28℃,25℃,阴,东风,4级,42.9%,深圳
2024-05-30,星期四,28℃,25℃,小雨~阵雨,东风,3级,92.0%,深圳
2024-05-31,星期五,29℃,25℃,大雨~暴雨,东南风,3级,81.6%,深圳
2024-03-01,星期五,8℃,3℃,晴,南风,1级,34.7%,石家庄
2024-03-02,星期六,13℃,-3℃,晴,西北风,3级,24.8%,石家庄
2024-03-03,星期日,9℃,1℃,晴~多云,东北风,2级,22.4%,石家庄
2024-03-04,星期一,4℃,2℃,阴,东北风,2级,72.1%,石家庄
2024-03-05,星期二,2℃,0℃,中雪~雨夹雪,东北风,3级,93.2%,石家庄
2024-03-06,星期三,6℃,-1℃,多云,西南风,2级,55.9%,石家庄
2024-03-07,星期四,12℃,-2℃,雾~晴,西北风,3级,75.5%,石家庄
2024-03-08,星期五,12℃,0℃,晴,东南风,2级,3.9%,石家庄
2024-03-09,星期六,15℃,1℃,晴,东南风,1级,16.0%,石家庄
2024-03-10,星期日,15℃,7℃,阴~多云,东南风,2级,44.6%,石家庄
2024-03-11,星期一,18℃,4℃,多云~晴,西北风,3级,29.9%,石家庄
2024-03-12,星期二,15℃,3℃,晴~多云,南风,2级,11.7%,石家庄
2024-03-13,星期三,21℃,4℃,多云~晴,南风,1级,25.4%,石家庄
2024-03-14,星期四,22℃,5℃,晴,南风,2级,3.2%,石家庄
2024-03-15,星期五,21℃,8℃,多云~阴,东南风,3级,59.2%,石家庄
2024-03-16,星期六,22℃,7℃,阴~多云,北风,3级,43.4%,石家庄
2024-03-17,星期日,14℃,5℃,多云,东南风,2级,65.5%,石家庄
2024-03-18,星期一,21℃,6℃,阴~晴,西北风,4级,10.8%,石家庄
2024-03-19,星期二,19℃,4℃,晴,西北风,2级,27.6%,石家庄
2024-03-20,星期三,16℃,3℃,晴,东南风,3级,18.7%,石家庄
2024-03-21,星期四,13℃,4℃,阴~多云,东北风,2级,45.2%,石家庄
2024-03-22,星期五,24℃,10℃,多云~晴,东风,1级,4.8%,石家庄
2024-03-23,星期六,21℃,12℃,阴~多云,东南风,1级,47.9%,石家庄
2024-03-24,星期日,14℃,6℃,阴~小雨,东北风,3级,94.8%,石家庄
2024-03-25,星期一,17℃,6℃,阴~晴,南风,1级,22.3%,石家庄
2024-03-26,星期二,19℃,12℃,雾~晴,东南风,2级,71.0%,石家庄
2024-03-27,星期三,19℃,8℃,多云~晴,东南风,2级,14.5%,石家庄
2024-03-28,星期四,21℃,8℃,多云~晴,西北风,1级,11.4%,石家庄
2024-03-29,星期五,21℃,10℃,多云~晴,东南风,3级,21.8%,石家庄
2024-03-30,星期六,25℃,11℃,晴,东南风,2级,17.0%,石家庄
2024-03-31,星期日,25℃,10℃,晴,东北风,2级,33.6%,石家庄
2024-04-01,星期一,13℃,9℃,多云,东北风,3级,55.2%,石家庄
2024-04-02,星期二,16℃,11℃,阴~小雨,东北风,3级,81.1%,石家庄
2024-04-03,星期三,15℃,7℃,阴~多云,东南风,1级,53.2%,石家庄
2024-04-04,星期四,18℃,7℃,雾~多云,东南风,3级,70.7%,石家庄
2024-04-05,星期五,20℃,10℃,多云,东南风,1级,66.5%,石家庄
2024-04-06,星期六,26℃,12℃,雾~多云,东南风,1级,77.9%,石家庄
2024-04-07,星期日,26℃,13℃,多云,东北风,1级,40.2%,石家庄
2024-04-08,星期一,26℃,8℃,多云~阵雨,东北风,2级,84.7%,石家庄
2024-04-09,星期二,14℃,10℃,阴,东南风,1级,21.6%,石家庄
2024-04-10,星期三,19℃,7℃,多云,东北风,1级,48.9%,石家庄
2024-04-11,星期四,26℃,12℃,多云~晴,东南风,3级,13.6%,石家庄
2024-04-12,星期五,27℃,15℃,多云~晴,东南风,3级,9.4%,石家庄
2024-04-13,星期六,25℃,16℃,雾~雷阵雨,东南风,3级,93.8%,石家庄
2024-04-14,星期日,20℃,10℃,中雨~雷阵雨,东南风,3级,94.2%,石家庄
2024-04-15,星期一,26℃,10℃,多云~晴,东北风,2级,0.1%,石家庄
2024-04-16,星期二,24℃,11℃,多云~晴,东南风,2级,20.7%,石家庄
2024-04-17,星期三,27℃,13℃,晴,东南风,1级,19.0%,石家庄
2024-04-18,星期四,28℃,15℃,多云,东北风,1级,51.9%,石家庄
2024-04-19,星期五,19℃,11℃,阴~多云,西北风,3级,55.4%,石家庄
2024-04-20,星期六,23℃,12℃,多云~晴,东北风,2级,1.1%,石家庄
2024-04-21,星期日,24℃,13℃,多云,东南风,2级,62.9%,石家庄
2024-04-22,星期一,26℃,14℃,多云~阴,东南风,1级,54.3%,石家庄
2024-04-23,星期二,24℃,9℃,晴,西北风,3级,1.7%,石家庄
2024-04-24,星期三,27℃,14℃,晴,东南风,2级,17.3%,石家庄
2024-04-25,星期四,30℃,16℃,晴,东南风,2级,9.8%,石家庄
2024-04-26,星期五,29℃,18℃,阴,东南风,3级,17.1%,石家庄
2024-04-27,星期六,24℃,14℃,阴~雷阵雨,东风,2级,81.0%,石家庄
2024-04-28,星期日,19℃,12℃,阴~多云,东北风,3级,51.8%,石家庄
2024-04-29,星期一,16℃,12℃,小雨~多云,东北风,2级,90.4%,石家庄
2024-04-30,星期二,23℃,10℃,多云~晴,西北风,1级,0.5%,石家庄
2024-05-01,星期三,25℃,9℃,阴~晴,东南风,2级,28.1%,石家庄
2024-05-02,星期四,26℃,12℃,晴,东南风,2级,28.4%,石家庄
2024-05-03,星期五,26℃,16℃,多云~阴,东南风,3级,54.5%,石家庄
2024-05-04,星期六,21℃,15℃,阴,东南风,2级,3.0%,石家庄
2024-05-05,星期日,19℃,15℃,多云~小雨,西南风,1级,88.6%,石家庄
2024-05-06,星期一,26℃,13℃,阴,西南风,2级,21.2%,石家庄
2024-05-07,星期二,27℃,13℃,多云~晴,东北风,2级,2.3%,石家庄
2024-05-08,星期三,29℃,17℃,晴,南风,2级,2.0%,石家庄
2024-05-09,星期四,29℃,19℃,阴~多云,东南风,3级,66.4%,石家庄
2024-05-10,星期五,31℃,15℃,阴~多云,西南风,2级,44.2%,石家庄
2024-05-11,星期六,27℃,11℃,晴,西北风,2级,9.9%,石家庄
2024-05-12,星期日,29℃,12℃,晴,西北风,2级,32.3%,石家庄
2024-05-13,星期一,31℃,18℃,晴,南风,2级,23.4%,石家庄
2024-05-14,星期二,34℃,12℃,晴~多云,东北风,2级,24.1%,石家庄
2024-05-15,星期三,26℃,14℃,晴~多云,东南风,微,12.2%,石家庄
2024-05-16,星期四,30℃,17℃,阴,西南风,2级,71.4%,石家庄
2024-05-17,星期五,34℃,19℃,阴~晴,东北风,2级,3.0%,石家庄
2024-05-18,星期六,32℃,22℃,多云~阴,东南风,2级,66.8%,石家庄
2024-05-19,星期日,30℃,18℃,多云~中雨,东北风,2级,87.1%,石家庄
2024-05-20,星期一,24℃,17℃,雾~晴,东风,1级,76.2%,石家庄
2024-05-21,星期二,25℃,17℃,阴~晴,东南风,2级,16.7%,石家庄
2024-05-22,星期三,31℃,22℃,阴~多云,东南风,2级,64.8%,石家庄
2024-05-23,星期四,33℃,18℃,多云,东南风,2级,40.5%,石家庄
2024-05-24,星期五,19℃,16℃,阴,东北风,3级,15.6%,石家庄
2024-05-25,星期六,16℃,15℃,小雨~阴,东北风,2级,93.3%,石家庄
2024-05-26,星期日,29℃,16℃,多云~晴,北风,2级,12.6%,石家庄
2024-05-27,星期一,30℃,16℃,晴,东北风,1级,3.3%,石家庄
2024-05-28,星期二,32℃,19℃,阴~多云,东南风,2级,42.2%,石家庄
2024-05-29,星期三,30℃,22℃,阴~多云,南风,3级,54.4%,石家庄
2024-05-30,星期四,35℃,19℃,晴,西北风,2级,19.0%,石家庄
2024-05-31,星期五,31℃,17℃,多云~晴,东北风,3级,15.4%,石家庄
2024-03-01,星期五,5℃,0℃,阴~多云,东北风,3级,58.4%,苏州
2024-03-02,星期六,9℃,1℃,多云~晴,西南风,2级,37.5%,苏州
2024-03-03,星期日,15℃,6℃,多云,东南风,2级,48.7%,苏州
2024-03-04,星期一,11℃,9℃,小雨~中雨,东南风,2级,89.7%,苏州
2024-03-05,星期二,11℃,6℃,小雨,西北风,3级,89.5%,苏州
2024-03-06,星期三,9℃,1℃,阴~晴,北风,3级,27.8%,苏州
2024-03-07,星期四,13℃,5℃,雾~多云,西北风,2级,72.1%,苏州
2024-03-08,星期五,12℃,2℃,晴,西北风,3级,35.7%,苏州
2024-03-09,星期六,13℃,3℃,雾~晴,东南风,2级,70.7%,苏州
2024-03-10,星期日,14℃,8℃,晴~小雨,东南风,3级,97.8%,苏州
2024-03-11,星期一,17℃,9℃,小雨~晴,西南风,2级,99.7%,苏州
2024-03-12,星期二,16℃,3℃,雾~多云,北风,3级,75.5%,苏州
2024-03-13,星期三,15℃,9℃,多云~阴,东南风,3级,46.0%,苏州
2024-03-14,星期四,14℃,7℃,阴~多云,东北风,1级,46.5%,苏州
2024-03-15,星期五,18℃,12℃,雾~阴,东南风,3级,78.4%,苏州
2024-03-16,星期六,23℃,12℃,雾~阴,西南风,1级,77.1%,苏州
2024-03-17,星期日,13℃,6℃,雾~阴,东北风,3级,77.8%,苏州
2024-03-18,星期一,10℃,7℃,阴~多云,东风,2级,69.5%,苏州
2024-03-19,星期二,18℃,5℃,多云~晴,西北风,4级,7.6%,苏州
2024-03-20,星期三,19℃,6℃,多云,西北风,2级,51.4%,苏州
2024-03-21,星期四,21℃,13℃,晴,东南风,3级,13.3%,苏州
2024-03-22,星期五,26℃,17℃,晴~小雨,南风,3级,84.6%,苏州
2024-03-23,星期六,23℃,16℃,多云~雷阵雨,东南风,2级,86.1%,苏州
2024-03-24,星期日,19℃,14℃,小雨,北风,2级,97.5%,苏州
2024-03-25,星期一,17℃,9℃,阴~小雨,西北风,3级,98.3%,苏州
2024-03-26,星期二,16℃,9℃,阴~多云,西北风,3级,61.2%,苏州
2024-03-27,星期三,14℃,12℃,雾~中雨,东南风,4级,85.7%,苏州
2024-03-28,星期四,15℃,13℃,小雨~晴,西北风,3级,94.1%,苏州
2024-03-29,星期五,28℃,13℃,晴~多云,西南风,3级,16.2%,苏州
2024-03-30,星期六,31℃,13℃,多云,西南风,2级,61.4%,苏州
2024-03-31,星期日,21℃,12℃,小雨~晴,东北风,2级,90.9%,苏州
2024-04-01,星期一,25℃,16℃,多云~大雨,东南风,3级,90.8%,苏州
2024-04-02,星期二,22℃,15℃,大雨~中雨,南风,2级,89.5%,苏州
2024-04-03,星期三,16℃,11℃,小雨~阴,西北风,3级,84.9%,苏州
2024-04-04,星期四,18℃,8℃,阴~多云,东北风,2级,63.7%,苏州
2024-04-05,星期五,19℃,12℃,多云~小雨,东北风,3级,94.0%,苏州
2024-04-06,星期六,16℃,11℃,雾~阴,东风,1级,72.9%,苏州
2024-04-07,星期日,14℃,12℃,中雨,东风,2级,82.5%,苏州
2024-04-08,星期一,13℃,10℃,小雨~多云,东北风,3级,80.7%,苏州
2024-04-09,星期二,23℃,10℃,雾~阴,东北风,2级,76.5%,苏州
2024-04-10,星期三,21℃,15℃,阴,东南风,3级,47.0%,苏州
2024-04-11,星期四,24℃,16℃,阴~小雨,东南风,2级,98.2%,苏州
2024-04-12,星期五,18℃,15℃,小雨~多云,东南风,1级,85.1%,苏州
2024-04-13,星期六,18℃,15℃,小雨~雷阵雨,东风,3级,99.6%,苏州
2024-04-14,星期日,23℃,19℃,阴,东南风,3级,54.0%,苏州
2024-04-15,星期一,28℃,17℃,雾~阴,西北风,2级,77.8%,苏州
2024-04-16,星期二,25℃,15℃,雾~中雨,东北风,2级,89.8%,苏州
2024-04-17,星期三,15℃,9℃,大雨~多云,东北风,3级,87.5%,苏州
2024-04-18,星期四,23℃,12℃,雾~晴,东北风,1级,70.9%,苏州
2024-04-19,星期五,22℃,15℃,小雨~中雨,东南风,4级,95.7%,苏州
2024-04-20,星期六,22℃,15℃,阴,西北风,3级,78.2%,苏州
2024-04-21,星期日,20℃,14℃,雾~阴,西北风,2级,75.2%,苏州
2024-04-22,星期一,23℃,15℃,雾~小雨,东南风,1级,84.3%,苏州
2024-04-23,星期二,22℃,15℃,雾~多云,西南风,1级,71.3%,苏州
2024-04-24,星期三,26℃,16℃,阴~晴,西南风,1级,37.6%,苏州
2024-04-25,星期四,25℃,15℃,阴~多云,东南风,3级,54.4%,苏州
2024-04-26,星期五,22℃,17℃,多云,东南风,3级,45.5%,苏州
2024-04-27,星期六,22℃,17℃,阴,东南风,2级,52.3%,苏州
2024-04-28,星期日,21℃,18℃,阴~小雨,东风,2级,84.5%,苏州
2024-04-29,星期一,24℃,13℃,雾~阴,西北风,3级,77.9%,苏州
2024-04-30,星期二,17℃,13℃,小雨,东北风,3级,88.7%,苏州
2024-05-01,星期三,22℃,12℃,阴~多云,西北风,2级,66.6%,苏州
2024-05-02,星期四,21℃,14℃,多云,东北风,2级,41.7%,苏州
2024-05-03,星期五,22℃,16℃,阴,东南风,3级,87.1%,苏州
2024-05-04,星期六,18℃,17℃,小雨~大雨,东南风,3级,98.0%,苏州
2024-05-05,星期日,21℃,17℃,小雨~阴,西北风,3级,89.9%,苏州
2024-05-06,星期一,25℃,16℃,雾~多云,西风,2级,70.2%,苏州
2024-05-07,星期二,26℃,15℃,多云~晴,北风,1级,8.2%,苏州
2024-05-08,星期三,24℃,12℃,晴~多云,东北风,3级,16.7%,苏州
2024-05-09,星期四,24℃,15℃,阴~多云,东南风,3级,56.8%,苏州
2024-05-10,星期五,28℃,20℃,多云~小雨,东南风,3级,81.8%,苏州
2024-05-11,星期六,24℃,19℃,中雨~阴,南风,2级,91.9%,苏州
2024-05-12,星期日,22℃,16℃,阴~多云,东北风,3级,43.5%,苏州
2024-05-13,星期一,27℃,14℃,多云~晴,西南风,1级,29.4%,苏州
2024-05-14,星期二,28℃,15℃,晴,东南风,3级,9.0%,苏州
2024-05-15,星期三,25℃,12℃,晴,东北风,4级,4.3%,苏州
2024-05-16,星期四,27℃,16℃,晴,南风,3级,15.6%,苏州
2024-05-17,星期五,32℃,19℃,晴,东南风,3级,23.6%,苏州
2024-05-18,星期六,30℃,19℃,晴,东南风,3级,12.8%,苏州
2024-05-19,星期日,28℃,20℃,阴,东南风,4级,29.8%,苏州
2024-05-20,星期一,28℃,21℃,阴~多云,东南风,4级,49.1%,苏州
2024-05-21,星期二,28℃,20℃,阴,东南风,4级,38.2%,苏州
2024-05-22,星期三,27℃,20℃,阴~多云,东南风,3级,55.9%,苏州
2024-05-23,星期四,29℃,21℃,多云~晴,东南风,2级,38.4%,苏州
2024-05-24,星期五,31℃,23℃,多云,东风,2级,51.1%,苏州
2024-05-25,星期六,27℃,23℃,阴~多云,东南风,4级,42.2%,苏州
2024-05-26,星期日,34℃,21℃,阴~小雨,西南风,2级,82.5%,苏州
2024-05-27,星期一,22℃,15℃,小雨~晴,东北风,4级,87.4%,苏州
2024-05-28,星期二,27℃,15℃,晴~多云,东北风,3级,31.3%,苏州
2024-05-29,星期三,27℃,19℃,阴~多云,东南风,3级,61.4%,苏州
2024-05-30,星期四,25℃,20℃,小雨~中雨,南风,1级,84.2%,苏州
2024-05-31,星期五,22℃,19℃,小雨~多云,西北风,2级,82.8%,苏州
2024-03-01,星期五,5℃,0℃,晴,西南风,3级,9.8%,天津
2024-03-02,星期六,11℃,1℃,晴,西风,2级,0.1%,天津
2024-03-03,星期日,8℃,0℃,晴~多云,东风,3级,12.7%,天津
2024-03-04,星期一,5℃,1℃,阴,东北风,3级,67.9%,天津
2024-03-05,星期二,7℃,0℃,阴~多云,东北风,3级,64.0%,天津
2024-03-06,星期三,7℃,1℃,阴,东南风,2级,58.6%,天津
2024-03-07,星期四,11℃,0℃,多云~晴,西北风,2级,4.4%,天津
2024-03-08,星期五,11℃,1℃,晴,西北风,2级,17.0%,天津
2024-03-09,星期六,14℃,4℃,晴~多云,西南风,3级,37.8%,天津
2024-03-10,星期日,15℃,4℃,阴~多云,西南风,3级,53.5%,天津
2024-03-11,星期一,14℃,3℃,晴,东北风,2级,0.7%,天津
2024-03-12,星期二,14℃,5℃,晴~多云,西风,3级,0.5%,天津
2024-03-13,星期三,19℃,5℃,多云~晴,西风,2级,16.8%,天津
2024-03-14,星期四,21℃,8℃,晴,西南风,3级,17.2%,天津
2024-03-15,星期五,22℃,9℃,阴,西南风,3级,33.4%,天津
2024-03-16,星期六,21℃,7℃,阴~晴,西北风,3级,32.6%,天津
2024-03-17,星期日,13℃,5℃,多云~晴,东南风,2级,2.8%,天津
2024-03-18,星期一,15℃,6℃,多云~晴,西南风,1级,29.1%,天津
2024-03-19,星期二,16℃,3℃,阴~晴,西北风,4级,34.1%,天津
2024-03-20,星期三,14℃,4℃,晴,西南风,3级,14.2%,天津
2024-03-21,星期四,15℃,6℃,阴~小雨,东南风,3级,89.4%,天津
2024-03-22,星期五,23℃,10℃,多云~晴,西北风,3级,39.2%,天津
2024-03-23,星期六,19℃,8℃,阴,东南风,3级,36.6%,天津
2024-03-24,星期日,10℃,6℃,阴~小雨,东风,3级,81.4%,天津
2024-03-25,星期一,10℃,6℃,阴~晴,西南风,1级,23.4%,天津
2024-03-26,星期二,17℃,11℃,多云,西南风,3级,52.5%,天津
2024-03-27,星期三,21℃,10℃,阴~扬沙,西南风,4级,54.7%,天津
2024-03-28,星期四,16℃,7℃,多云~阴,西北风,3级,41.3%,天津
2024-03-29,星期五,20℃,9℃,多云~晴,西北风,2级,5.3%,天津
2024-03-30,星期六,20℃,9℃,晴,东北风,2级,5.5%,天津
2024-03-31,星期日,22℃,8℃,多云,东北风,2级,48.5%,天津
2024-04-01,星期一,14℃,9℃,阴,东风,4级,68.3%,天津
2024-04-02,星期二,15℃,10℃,阴,东北风,4级,69.8%,天津
2024-04-03,星期三,16℃,8℃,阴~多云,东风,2级,61.2%,天津
2024-04-04,星期四,13℃,7℃,晴~多云,东南风,3级,21.4%,天津
2024-04-05,星期五,21℃,11℃,多云~晴,西南风,3级,16.7%,天津
2024-04-06,星期六,26℃,13℃,多云~晴,西南风,2级,37.4%,天津
2024-04-07,星期日,27℃,15℃,多云,西北风,2级,69.3%,天津
2024-04-08,星期一,18℃,8℃,多云~阴,东南风,4级,47.2%,天津
2024-04-09,星期二,15℃,7℃,阴,东南风,3级,45.5%,天津
2024-04-10,星期三,17℃,7℃,阴,西北风,1级,48.8%,天津
2024-04-11,星期四,26℃,14℃,多云~晴,西南风,3级,31.9%,天津
2024-04-12,星期五,28℃,17℃,多云~晴,西南风,4级,33.1%,天津
2024-04-13,星期六,27℃,17℃,多云,东南风,3级,52.2%,天津
2024-04-14,星期日,20℃,12℃,雾~阴,东南风,3级,79.1%,天津
2024-04-15,星期一,23℃,13℃,多云~晴,西北风,4级,16.9%,天津
2024-04-16,星期二,27℃,13℃,晴,西北风,3级,33.6%,天津
2024-04-17,星期三,28℃,14℃,晴,西南风,2级,16.6%,天津
2024-04-18,星期四,28℃,15℃,多云,东风,3级,46.4%,天津
2024-04-19,星期五,20℃,12℃,阴,东风,5级,73.1%,天津
2024-04-20,星期六,22℃,12℃,阴~晴,东北风,2级,14.1%,天津
2024-04-21,星期日,23℃,14℃,晴~多云,东南风,3级,13.8%,天津
2024-04-22,星期一,26℃,14℃,多云~中雨,东南风,3级,86.7%,天津
2024-04-23,星期二,15℃,10℃,小雨~晴,北风,4级,93.1%,天津
2024-04-24,星期三,25℃,15℃,晴,西南风,3级,39.0%,天津
2024-04-25,星期四,29℃,18℃,晴,西南风,3级,0.1%,天津
2024-04-26,星期五,29℃,17℃,阴~雷阵雨,南风,3级,80.0%,天津
2024-04-27,星期六,22℃,15℃,多云~阴,东风,4级,49.1%,天津
2024-04-28,星期日,20℃,12℃,多云~阴,东风,4级,60.0%,天津
2024-04-29,星期一,13℃,10℃,小雨~多云,北风,2级,88.3%,天津
2024-04-30,星期二,24℃,13℃,雾~晴,西北风,2级,73.9%,天津
2024-05-01,星期三,26℃,16℃,阴~晴,西风,3级,2.2%,天津
2024-05-02,星期四,27℃,15℃,晴,西南风,3级,14.9%,天津
2024-05-03,星期五,27℃,17℃,晴,南风,2级,37.9%,天津
2024-05-04,星期六,22℃,16℃,阴,东南风,2级,13.6%,天津
2024-05-05,星期日,18℃,16℃,阴~小雨,西北风,1级,85.2%,天津
2024-05-06,星期一,23℃,15℃,多云,东北风,2级,49.0%,天津
2024-05-07,星期二,27℃,16℃,多云~晴,东北风,3级,6.7%,天津
2024-05-08,星期三,29℃,19℃,晴,西南风,3级,38.3%,天津
2024-05-09,星期四,30℃,22℃,多云~晴,南风,3级,10.2%,天津
2024-05-10,星期五,31℃,17℃,多云~雷阵雨,西南风,4级,90.3%,天津
2024-05-11,星期六,25℃,17℃,晴,西北风,5级,38.1%,天津
2024-05-12,星期日,27℃,16℃,晴,西北风,3级,27.5%,天津
2024-05-13,星期一,31℃,21℃,晴,西南风,3级,3.0%,天津
2024-05-14,星期二,32℃,18℃,晴~阴,北风,3级,37.6%,天津
2024-05-15,星期三,27℃,17℃,晴,西北风,3级,13.8%,天津
2024-05-16,星期四,30℃,19℃,阴~多云,西南风,4级,44.1%,天津
2024-05-17,星期五,31℃,21℃,晴,东南风,2级,17.6%,天津
2024-05-18,星期六,30℃,20℃,多云,东南风,3级,63.6%,天津
2024-05-19,星期日,22℃,15℃,小雨,东北风,3级,95.1%,天津
2024-05-20,星期一,24℃,15℃,多云,东南风,2级,59.1%,天津
2024-05-21,星期二,27℃,19℃,阴~晴,东南风,2级,5.0%,天津
2024-05-22,星期三,33℃,27℃,多云,西南风,3级,53.5%,天津
2024-05-23,星期四,33℃,18℃,多云~雷阵雨,东南风,3级,98.8%,天津
2024-05-24,星期五,19℃,15℃,阴~小雨,东风,3级,86.5%,天津
2024-05-25,星期六,17℃,14℃,中雨~小雨,东北风,2级,88.7%,天津
2024-05-26,星期日,27℃,17℃,晴,西北风,4级,5.9%,天津
2024-05-27,星期一,29℃,18℃,多云~晴,北风,2级,35.7%,天津
2024-05-28,星期二,32℃,22℃,阴~多云,西南风,2级,46.6%,天津
2024-05-29,星期三,33℃,24℃,阴,西南风,5级,9.9%,天津
2024-05-30,星期四,34℃,20℃,阴,西南风,2级,92.3%,天津
2024-05-31,星期五,28℃,20℃,晴,南风,2级,24.6%,天津
2024-03-01,星期五,6℃,0℃,雾~晴,东北风,1级,72.9%,西安
2024-03-02,星期六,12℃,1℃,雾~晴,东北风,1级,73.4%,西安
2024-03-03,星期日,12℃,4℃,雾~多云,东北风,2级,73.3%,西安
2024-03-04,星期一,10℃,5℃,多云~阴,东北风,2级,61.5%,西安
2024-03-05,星期二,11℃,5℃,多云~阴,西风,1级,44.7%,西安
2024-03-06,星期三,14℃,3℃,阴~多云,西北风,1级,56.0%,西安
2024-03-07,星期四,15℃,2℃,阴~晴,西北风,3级,22.9%,西安
2024-03-08,星期五,14℃,2℃,阴,东北风,3级,20.0%,西安
2024-03-09,星期六,17℃,4℃,多云~阴,东北风,2级,53.6%,西安
2024-03-10,星期日,12℃,6℃,阴~晴,西南风,2级,32.4%,西安
2024-03-11,星期一,23℃,2℃,雾~多云,西南风,2级,72.8%,西安
2024-03-12,星期二,18℃,7℃,多云~小雨,东北风,3级,91.8%,西安
2024-03-13,星期三,17℃,8℃,阴~多云,西南风,1级,53.0%,西安
2024-03-14,星期四,20℃,8℃,雾~多云,东北风,3级,70.7%,西安
2024-03-15,星期五,21℃,10℃,阴~多云,东北风,2级,44.5%,西安
2024-03-16,星期六,19℃,11℃,多云~阴,西北风,1级,42.9%,西安
2024-03-17,星期日,12℃,6℃,多云~小雨,东北风,2级,84.8%,西安
2024-03-18,星期一,18℃,6℃,雾~晴,西风,2级,76.3%,西安
2024-03-19,星期二,21℃,9℃,阴~多云,东北风,2级,65.7%,西安
2024-03-20,星期三,21℃,13℃,晴~多云,东北风,2级,13.0%,西安
2024-03-21,星期四,26℃,11℃,晴,东北风,2级,5.3%,西安
2024-03-22,星期五,26℃,13℃,多云,东北风,2级,54.3%,西安
2024-03-23,星期六,17℃,13℃,雾~小雨,东北风,3级,87.9%,西安
2024-03-24,星期日,11℃,9℃,阴~小雨,西北风,1级,80.4%,西安
2024-03-25,星期一,20℃,8℃,雾~阴,南风,1级,79.4%,西安
2024-03-26,星期二,17℃,9℃,多云~阴,东北风,2级,50.6%,西安
2024-03-27,星期三,23℃,9℃,阴~多云,西南风,2级,66.7%,西安
2024-03-28,星期四,27℃,10℃,多云~晴,西南风,2级,11.6%,西安
2024-03-29,星期五,31℃,14℃,晴~阴,东北风,1级,6.7%,西安
2024-03-30,星期六,26℃,14℃,阴~晴,东北风,2级,6.0%,西安
2024-03-31,星期日,27℃,15℃,多云~阴,东北风,2级,42.9%,西安
2024-04-01,星期一,23℃,16℃,中雨~阴,东北风,1级,92.0%,西安
2024-04-02,星期二,19℃,15℃,小雨~阴,西南风,3级,88.6%,西安
2024-04-03,星期三,22℃,9℃,阴,西南风,2级,25.1%,西安
2024-04-04,星期四,17℃,11℃,阴,东北风,2级,69.0%,西安
2024-04-05,星期五,16℃,9℃,阴~多云,东北风,1级,61.4%,西安
2024-04-06,星期六,22℃,13℃,阴,东北风,1级,40.0%,西安
2024-04-07,星期日,24℃,13℃,阴~多云,东北风,1级,64.0%,西安
2024-04-08,星期一,25℃,13℃,阴,东北风,1级,54.1%,西安
2024-04-09,星期二,27℃,14℃,阴~小雨,东南风,3级,99.1%,西安
2024-04-10,星期三,24℃,12℃,阴,西南风,1级,39.3%,西安
2024-04-11,星期四,27℃,13℃,阴~晴,东北风,1级,35.5%,西安
2024-04-12,星期五,29℃,15℃,晴~多云,东北风,2级,28.3%,西安
2024-04-13,星期六,26℃,15℃,大雨~小雨,东北风,2级,93.2%,西安
2024-04-14,星期日,26℃,15℃,晴,东北风,2级,27.5%,西安
2024-04-15,星期一,25℃,13℃,阴,东北风,2级,50.6%,西安
2024-04-16,星期二,21℃,15℃,阴~小雨,东北风,2级,92.4%,西安
2024-04-17,星期三,27℃,14℃,阴~晴,东北风,1级,18.2%,西安
2024-04-18,星期四,28℃,17℃,阴~小雨,东风,3级,97.2%,西安
2024-04-19,星期五,26℃,15℃,阴,西风,2级,57.7%,西安
2024-04-20,星期六,23℃,13℃,阴,东南风,2级,37.1%,西安
2024-04-21,星期日,27℃,14℃,多云,东北风,1级,41.9%,西安
2024-04-22,星期一,28℃,12℃,阴~小雨,东北风,1级,81.4%,西安
2024-04-23,星期二,24℃,12℃,阴,南风,1级,52.5%,西安
2024-04-24,星期三,24℃,14℃,阴,东北风,1级,35.2%,西安
2024-04-25,星期四,30℃,16℃,多云~晴,西南风,1级,38.5%,西安
2024-04-26,星期五,31℃,18℃,多云~阴,东北风,2级,54.2%,西安
2024-04-27,星期六,28℃,18℃,阴~多云,东南风,1级,41.2%,西安
2024-04-28,星期日,31℃,18℃,晴~小雨,东风,3级,94.8%,西安
2024-04-29,星期一,15℃,12℃,小雨,西北风,2级,99.3%,西安
2024-04-30,星期二,17℃,9℃,小雨~多云,南风,1级,88.3%,西安
2024-05-01,星期三,22℃,12℃,阴~多云,东北风,2级,66.2%,西安
2024-05-02,星期四,21℃,16℃,阴~小雨,东风,3级,91.5%,西安
2024-05-03,星期五,16℃,13℃,小雨,东北风,2级,86.7%,西安
2024-05-04,星期六,17℃,11℃,小雨~多云,东北风,1级,97.7%,西安
2024-05-05,星期日,25℃,12℃,小雨~晴,西南风,2级,96.1%,西安
2024-05-06,星期一,28℃,14℃,晴~多云,东风,1级,35.2%,西安
2024-05-07,星期二,30℃,16℃,小雨~阴,东北风,2级,82.9%,西安
2024-05-08,星期三,28℃,18℃,阴~小雨,东北风,2级,81.8%,西安
2024-05-09,星期四,30℃,16℃,阴~晴,东南风,2级,5.1%,西安
2024-05-10,星期五,31℃,17℃,晴~小雨,西南风,1级,88.9%,西安
2024-05-11,星期六,27℃,14℃,阴~多云,东南风,1级,54.5%,西安
2024-05-12,星期日,31℃,16℃,晴,东北风,1级,29.0%,西安
2024-05-13,星期一,31℃,16℃,晴,东风,2级,10.8%,西安
2024-05-14,星期二,34℃,17℃,多云~晴,东南风,1级,39.3%,西安
2024-05-15,星期三,29℃,16℃,多云,东风,3级,64.1%,西安
2024-05-16,星期四,32℃,20℃,多云,东北风,1级,65.7%,西安
2024-05-17,星期五,37℃,20℃,阴~多云,南风,2级,66.5%,西安
2024-05-18,星期六,34℃,21℃,阴,东南风,2级,39.3%,西安
2024-05-19,星期日,33℃,22℃,阴,东南风,2级,99.2%,西安
2024-05-20,星期一,32℃,20℃,阴,东南风,3级,76.3%,西安
2024-05-21,星期二,33℃,19℃,晴,东风,2级,30.6%,西安
2024-05-22,星期三,34℃,21℃,晴,东风,2级,26.2%,西安
2024-05-23,星期四,36℃,21℃,晴,东南风,1级,38.9%,西安
2024-05-24,星期五,38℃,25℃,阴,东南风,2级,46.4%,西安
2024-05-25,星期六,27℃,18℃,大雨~多云,西北风,1级,93.6%,西安
2024-05-26,星期日,31℃,20℃,阴~多云,东南风,1级,63.5%,西安
2024-05-27,星期一,30℃,21℃,多云~阴,东北风,3级,53.3%,西安
2024-05-28,星期二,29℃,22℃,阴~小雨,东南风,3级,96.1%,西安
2024-05-29,星期三,25℃,16℃,中雨~小雨,西南风,2级,92.8%,西安
2024-05-30,星期四,32℃,19℃,阴,西南风,2级,17.6%,西安
2024-05-31,星期五,31℃,23℃,阴,东风,1级,91.6%,西安
2024-03-01,星期五,23℃,6℃,晴~多云,西南风,3级,32.4%,玉溪
2024-03-02,星期六,23℃,8℃,晴~多云,西南风,3级,14.5%,玉溪
2024-03-03,星期日,24℃,10℃,晴,西南风,4级,19.4%,玉溪
2024-03-04,星期一,26℃,11℃,晴~多云,西南风,4级,20.7%,玉溪
2024-03-05,星期二,26℃,8℃,晴,西南风,3级,30.1%,玉溪
2024-03-06,星期三,26℃,8℃,阴~晴,西南风,3级,11.3%,玉溪
2024-03-07,星期四,25℃,8℃,晴~多云,西南风,3级,29.4%,玉溪
2024-03-08,星期五,24℃,7℃,阴~多云,西南风,3级,69.8%,玉溪
2024-03-09,星期六,23℃,9℃,晴,西南风,3级,25.4%,玉溪
2024-03-10,星期日,24℃,9℃,晴~多云,西南风,4级,12.4%,玉溪
2024-03-11,星期一,23℃,8℃,多云,南风,1级,42.8%,玉溪
2024-03-12,星期二,23℃,10℃,阴~晴,西南风,4级,37.8%,玉溪
2024-03-13,星期三,25℃,10℃,晴,西南风,3级,20.6%,玉溪
2024-03-14,星期四,25℃,8℃,晴,西南风,3级,6.0%,玉溪
2024-03-15,星期五,24℃,9℃,晴,西南风,4级,25.5%,玉溪
2024-03-16,星期六,26℃,12℃,晴~多云,西南风,3级,14.6%,玉溪
2024-03-17,星期日,26℃,11℃,多云,西南风,3级,52.9%,玉溪
2024-03-18,星期一,27℃,10℃,多云,西南风,3级,41.1%,玉溪
2024-03-19,星期二,20℃,9℃,阴~多云,东南风,2级,59.7%,玉溪
2024-03-20,星期三,18℃,11℃,阴~多云,西南风,2级,43.2%,玉溪
2024-03-21,星期四,27℃,12℃,多云~阴,西南风,3级,67.2%,玉溪
2024-03-22,星期五,22℃,10℃,中雨~晴,西南风,4级,84.8%,玉溪
2024-03-23,星期六,23℃,11℃,晴,西南风,4级,13.7%,玉溪
2024-03-24,星期日,24℃,10℃,多云,西南风,4级,44.5%,玉溪
2024-03-25,星期一,27℃,11℃,阴~多云,西南风,2级,50.8%,玉溪
2024-03-26,星期二,25℃,12℃,多云,西南风,3级,62.9%,玉溪
2024-03-27,星期三,25℃,12℃,多云,西南风,4级,40.6%,玉溪
2024-03-28,星期四,25℃,10℃,阴~多云,西南风,2级,44.0%,玉溪
2024-03-29,星期五,24℃,12℃,阴~多云,西南风,3级,42.8%,玉溪
2024-03-30,星期六,25℃,15℃,多云,西南风,3级,43.4%,玉溪
2024-03-31,星期日,27℃,13℃,多云,西南风,3级,59.2%,玉溪
2024-04-01,星期一,25℃,15℃,多云,西风,4级,45.0%,玉溪
2024-04-02,星期二,27℃,13℃,多云~晴,西南风,4级,18.4%,玉溪
2024-04-03,星期三,27℃,14℃,阴~晴,西南风,4级,33.0%,玉溪
2024-04-04,星期四,28℃,14℃,多云,西南风,4级,48.3%,玉溪
2024-04-05,星期五,28℃,15℃,阴~晴,西南风,4级,4.7%,玉溪
2024-04-06,星期六,27℃,15℃,多云~晴,西南风,3级,2.4%,玉溪
2024-04-07,星期日,30℃,13℃,晴~多云,西南风,4级,32.8%,玉溪
2024-04-08,星期一,30℃,15℃,多云~晴,西南风,3级,33.8%,玉溪
2024-04-09,星期二,30℃,13℃,晴~多云,西南风,3级,19.4%,玉溪
2024-04-10,星期三,29℃,14℃,阴~多云,西南风,3级,48.5%,玉溪
2024-04-11,星期四,29℃,14℃,阴~晴,西南风,3级,22.7%,玉溪
2024-04-12,星期五,29℃,15℃,多云,西南风,3级,44.2%,玉溪
2024-04-13,星期六,29℃,14℃,多云~晴,西南风,4级,21.3%,玉溪
2024-04-14,星期日,30℃,14℃,阴~多云,西南风,3级,64.7%,玉溪
2024-04-15,星期一,30℃,13℃,多云,西南风,3级,62.2%,玉溪
2024-04-16,星期二,30℃,15℃,多云,西南风,4级,54.7%,玉溪
2024-04-17,星期三,29℃,12℃,阴~多云,西南风,3级,68.5%,玉溪
2024-04-18,星期四,26℃,12℃,多云,西南风,4级,66.1%,玉溪
2024-04-19,星期五,29℃,13℃,多云,西南风,3级,41.9%,玉溪
2024-04-20,星期六,25℃,13℃,小雨~阵雨,西南风,3级,83.4%,玉溪
2024-04-21,星期日,24℃,15℃,小雨~多云,西南风,3级,84.2%,玉溪
2024-04-22,星期一,28℃,13℃,多云,西南风,4级,51.7%,玉溪
2024-04-23,星期二,30℃,15℃,阴~多云,西南风,3级,47.4%,玉溪
2024-04-24,星期三,29℃,14℃,多云,西南风,3级,50.7%,玉溪
2024-04-25,星期四,28℃,14℃,阴~晴,西南风,4级,1.9%,玉溪
2024-04-26,星期五,29℃,15℃,晴,西南风,4级,28.2%,玉溪
2024-04-27,星期六,29℃,15℃,晴,西风,4级,12.4%,玉溪
2024-04-28,星期日,30℃,17℃,多云,西南风,3级,44.2%,玉溪
2024-04-29,星期一,29℃,16℃,阴~晴,西南风,5级,12.7%,玉溪
2024-04-30,星期二,29℃,14℃,阴~多云,西南风,4级,55.8%,玉溪
2024-05-01,星期三,28℃,14℃,阴~晴,西南风,4级,26.5%,玉溪
2024-05-02,星期四,29℃,18℃,阴~小雨,西南风,4级,86.2%,玉溪
2024-05-03,星期五,26℃,13℃,多云~晴,西南风,4级,35.8%,玉溪
2024-05-04,星期六,29℃,12℃,晴~多云,西南风,3级,33.7%,玉溪
2024-05-05,星期日,28℃,14℃,多云,西南风,2级,43.0%,玉溪
2024-05-06,星期一,26℃,14℃,小雨~多云,西南风,3级,99.6%,玉溪
2024-05-07,星期二,29℃,16℃,多云~小雨,西南风,2级,98.6%,玉溪
2024-05-08,星期三,22℃,14℃,阴~小雨,西南风,1级,95.7%,玉溪
2024-05-09,星期四,26℃,14℃,小雨~阵雨,南风,2级,95.8%,玉溪
2024-05-10,星期五,24℃,15℃,小雨,西南风,3级,98.7%,玉溪
2024-05-11,星期六,26℃,13℃,阴~多云,西南风,3级,63.7%,玉溪
2024-05-12,星期日,27℃,15℃,多云~小雨,西南风,2级,82.1%,玉溪
2024-05-13,星期一,26℃,15℃,多云,东南风,1级,47.1%,玉溪
2024-05-14,星期二,28℃,17℃,多云,西南风,2级,63.1%,玉溪
2024-05-15,星期三,27℃,16℃,多云~小雨,东南风,1级,95.1%,玉溪
2024-05-16,星期四,25℃,16℃,阴~多云,东南风,2级,52.9%,玉溪
2024-05-17,星期五,29℃,18℃,阴~阵雨,西南风,2级,83.3%,玉溪
2024-05-18,星期六,28℃,16℃,阴~小雨,西南风,2级,83.7%,玉溪
2024-05-19,星期日,29℃,15℃,多云~中雨,西南风,1级,89.3%,玉溪
2024-05-20,星期一,22℃,14℃,阴~多云,东北风,1级,69.3%,玉溪
2024-05-21,星期二,26℃,14℃,阴~多云,东北风,2级,47.8%,玉溪
2024-05-22,星期三,23℃,16℃,小雨,东南风,2级,93.8%,玉溪
2024-05-23,星期四,28℃,14℃,小雨~多云,南风,1级,86.5%,玉溪
2024-05-24,星期五,28℃,16℃,阴~阵雨,南风,2级,88.3%,玉溪
2024-05-25,星期六,27℃,18℃,阴~小雨,西南风,2级,88.5%,玉溪
2024-05-26,星期日,23℃,18℃,小雨,西南风,2级,94.1%,玉溪
2024-05-27,星期一,28℃,19℃,阴~小雨,西南风,2级,90.1%,玉溪
2024-05-28,星期二,28℃,19℃,阴~小雨,西南风,3级,92.9%,玉溪
2024-05-29,星期三,28℃,19℃,阴~多云,西南风,3级,46.4%,玉溪
2024-05-30,星期四,29℃,17℃,多云~阵雨,东南风,1级,97.0%,玉溪
2024-05-31,星期五,22℃,18℃,小雨,东北风,1级,86.3%,玉溪
2024-03-01,星期五,-9℃,-17℃,阴~晴,西风,4级,29.3%,长春
2024-03-02,星期六,-7℃,-14℃,晴,西风,3级,4.5%,长春
2024-03-03,星期日,-4℃,-12℃,多云~晴,西风,3级,8.1%,长春
2024-03-04,星期一,0℃,-13℃,晴,西风,3级,6.8%,长春
2024-03-05,星期二,0℃,-13℃,多云~晴,西北风,2级,17.4%,长春
2024-03-06,星期三,0℃,-11℃,雾~晴,西风,2级,71.2%,长春
2024-03-07,星期四,2℃,-8℃,多云,西南风,2级,47.4%,长春
2024-03-08,星期五,-2℃,-11℃,小雪~晴,北风,3级,11.8%,长春
2024-03-09,星期六,2℃,-8℃,晴,西南风,3级,20.2%,长春
2024-03-10,星期日,7℃,-4℃,多云~晴,西南风,3级,6.1%,长春
2024-03-11,星期一,6℃,-7℃,雾~晴,北风,3级,75.6%,长春
2024-03-12,星期二,6℃,-3℃,晴,西风,3级,33.7%,长春
2024-03-13,星期三,7℃,-2℃,晴~多云,西北风,4级,33.5%,长春
2024-03-14,星期四,11℃,0℃,阴~多云,西南风,4级,68.2%,长春
2024-03-15,星期五,8℃,-3℃,阴~多云,西北风,3级,58.7%,长春
2024-03-16,星期六,10℃,-5℃,阴~雨夹雪,西南风,4级,80.1%,长春
2024-03-17,星期日,2℃,-4℃,晴,西北风,3级,16.8%,长春
2024-03-18,星期一,4℃,-6℃,晴,西北风,3级,3.0%,长春
2024-03-19,星期二,4℃,-6℃,阴~晴,北风,2级,32.9%,长春
2024-03-20,星期三,3℃,-6℃,阴~晴,西北风,3级,26.2%,长春
2024-03-21,星期四,7℃,-1℃,晴~多云,东南风,2级,25.4%,长春
2024-03-22,星期五,7℃,1℃,雨夹雪,东南风,3级,90.7%,长春
2024-03-23,星期六,10℃,-3℃,雾~多云,西南风,3级,73.9%,长春
2024-03-24,星期日,6℃,-2℃,多云,东北风,3级,49.1%,长春
2024-03-25,星期一,10℃,-2℃,阴~晴,东北风,3级,22.2%,长春
2024-03-26,星期二,13℃,2℃,多云~晴,东北风,2级,33.1%,长春
2024-03-27,星期三,14℃,3℃,阴~小雨,西南风,5级,88.0%,长春
2024-03-28,星期四,9℃,-2℃,多云,西南风,5级,52.8%,长春
2024-03-29,星期五,6℃,-3℃,多云~晴,西风,5级,17.9%,长春
2024-03-30,星期六,4℃,-4℃,晴,西风,4级,21.0%,长春
2024-03-31,星期日,3℃,-4℃,晴,西北风,4级,24.5%,长春
2024-04-01,星期一,5℃,-2℃,阴~晴,西北风,3级,23.5%,长春
2024-04-02,星期二,15℃,0℃,多云,西南风,2级,68.1%,长春
2024-04-03,星期三,12℃,-1℃,多云~晴,西北风,3级,5.2%,长春
2024-04-04,星期四,11℃,-1℃,多云~晴,西北风,2级,35.8%,长春
2024-04-05,星期五,14℃,6℃,多云~晴,西南风,3级,33.4%,长春
2024-04-06,星期六,18℃,2℃,多云~晴,西风,4级,16.3%,长春
2024-04-07,星期日,19℃,-2℃,多云~晴,西风,3级,3.4%,长春
2024-04-08,星期一,5℃,-5℃,晴,北风,3级,3.6%,长春
2024-04-09,星期二,12℃,0℃,晴~多云,东南风,1级,36.9%,长春
2024-04-10,星期三,16℃,8℃,多云,西南风,4级,52.2%,长春
2024-04-11,星期四,20℃,11℃,多云,西南风,4级,40.7%,长春
2024-04-12,星期五,22℃,12℃,小雨~多云,西南风,5级,83.1%,长春
2024-04-13,星期六,24℃,12℃,阴~多云,西南风,5级,46.4%,长春
2024-04-14,星期日,24℃,13℃,多云~小雨,西南风,5级,85.2%,长春
2024-04-15,星期一,15℃,6℃,中雨~多云,南风,1级,97.5%,长春
2024-04-16,星期二,14℃,5℃,阴~多云,西北风,3级,53.7%,长春
2024-04-17,星期三,24℃,9℃,多云~晴,西南风,3级,12.8%,长春
2024-04-18,星期四,19℃,4℃,多云,西北风,3级,69.0%,长春
2024-04-19,星期五,15℃,7℃,多云,北风,3级,48.5%,长春
2024-04-20,星期六,14℃,4℃,多云~晴,东北风,2级,35.3%,长春
2024-04-21,星期日,22℃,11℃,多云~晴,南风,3级,4.7%,长春
2024-04-22,星期一,23℃,11℃,多云~小雨,西南风,4级,90.6%,长春
2024-04-23,星期二,19℃,12℃,小雨,北风,1级,96.7%,长春
2024-04-24,星期三,18℃,11℃,阴~晴,西南风,3级,25.2%,长春
2024-04-25,星期四,22℃,9℃,多云~小雨,西风,3级,93.4%,长春
2024-04-26,星期五,19℃,10℃,多云~小雨,东北风,2级,99.1%,长春
2024-04-27,星期六,15℃,8℃,阴~多云,西北风,3级,53.9%,长春
2024-04-28,星期日,12℃,6℃,阴~多云,东北风,2级,61.6%,长春
2024-04-29,星期一,12℃,1℃,阴~多云,东北风,3级,67.2%,长春
2024-04-30,星期二,19℃,6℃,阴~晴,西风,3级,24.3%,长春
2024-05-01,星期三,24℃,13℃,晴,西南风,4级,1.9%,长春
2024-05-02,星期四,26℃,14℃,晴,西风,3级,20.2%,长春
2024-05-03,星期五,30℃,15℃,晴,西南风,5级,30.1%,长春
2024-05-04,星期六,27℃,16℃,多云~晴,西南风,5级,7.6%,长春
2024-05-05,星期日,22℃,13℃,阴~多云,南风,3级,47.9%,长春
2024-05-06,星期一,20℃,10℃,阴~多云,东北风,4级,59.1%,长春
2024-05-07,星期二,21℃,8℃,晴,东北风,4级,7.1%,长春
2024-05-08,星期三,25℃,12℃,阴~晴,西南风,3级,32.2%,长春
2024-05-09,星期四,21℃,14℃,阴~小雨,东北风,3级,85.3%,长春
2024-05-10,星期五,22℃,11℃,阴~小雨,西南风,5级,93.3%,长春
2024-05-11,星期六,16℃,7℃,阴~多云,西南风,6级,50.9%,长春
2024-05-12,星期日,19℃,10℃,多云,西北风,4级,64.9%,长春
2024-05-13,星期一,24℃,15℃,多云,西南风,4级,57.0%,长春
2024-05-14,星期二,21℃,7℃,阴~晴,西北风,4级,28.0%,长春
2024-05-15,星期三,18℃,6℃,多云~晴,北风,3级,35.7%,长春
2024-05-16,星期四,21℃,9℃,晴,东北风,2级,5.5%,长春
2024-05-17,星期五,28℃,17℃,晴,西南风,3级,36.6%,长春
2024-05-18,星期六,18℃,10℃,阴~小雨,东北风,3级,97.1%,长春
2024-05-19,星期日,9℃,4℃,小雨~晴,东北风,4级,83.7%,长春
2024-05-20,星期一,20℃,12℃,晴~多云,东北风,2级,7.1%,长春
2024-05-21,星期二,29℃,17℃,阴~晴,西南风,4级,10.7%,长春
2024-05-22,星期三,24℃,15℃,阴~中雨,西南风,5级,96.8%,长春
2024-05-23,星期四,18℃,9℃,阴~多云,北风,3级,60.1%,长春
2024-05-24,星期五,20℃,10℃,多云,东北风,2级,68.4%,长春
2024-05-25,星期六,22℃,13℃,阴~中雨,东南风,2级,98.2%,长春
2024-05-26,星期日,15℃,9℃,小雨,西南风,3级,90.8%,长春
2024-05-27,星期一,18℃,10℃,小雨~多云,北风,4级,95.1%,长春
2024-05-28,星期二,23℃,12℃,多云~小雨,西风,3级,96.1%,长春
2024-05-29,星期三,14℃,11℃,阴~中雨,东风,3级,91.7%,长春
2024-05-30,星期四,19℃,13℃,小雨,西南风,3级,95.8%,长春
2024-05-31,星期五,19℃,10℃,阴~小雨,北风,3级,96.9%,长春
2024-03-01,星期五,8℃,3℃,阴,北风,3级,93.8%,长沙
2024-03-02,星期六,13℃,4℃,阴~晴,西南风,1级,17.4%,长沙
2024-03-03,星期日,16℃,4℃,多云~小雨,东南风,3级,81.0%,长沙
2024-03-04,星期一,10℃,9℃,阴~中雨,东南风,1级,80.6%,长沙
2024-03-05,星期二,9℃,8℃,阴,西北风,3级,66.4%,长沙
2024-03-06,星期三,12℃,7℃,阴~多云,北风,3级,52.6%,长沙
2024-03-07,星期四,17℃,5℃,阴~晴,西北风,3级,21.4%,长沙
2024-03-08,星期五,19℃,9℃,阴~小雨,东北风,1级,87.8%,长沙
2024-03-09,星期六,13℃,7℃,小雨~阴,东风,1级,95.9%,长沙
2024-03-10,星期日,15℃,8℃,阴~多云,东南风,1级,50.2%,长沙
2024-03-11,星期一,23℃,8℃,多云~晴,西北风,1级,24.0%,长沙
2024-03-12,星期二,27℃,14℃,多云,东南风,2级,48.3%,长沙
2024-03-13,星期三,17℃,13℃,小雨,东南风,2级,92.7%,长沙
2024-03-14,星期四,16℃,12℃,小雨,西南风,1级,94.5%,长沙
2024-03-15,星期五,16℃,12℃,小雨,东南风,2级,82.8%,长沙
2024-03-16,星期六,15℃,14℃,中雨~小雨,北风,1级,90.1%,长沙
2024-03-17,星期日,16℃,11℃,小雨,西北风,2级,92.7%,长沙
2024-03-18,星期一,11℃,4℃,中雨~多云,西北风,4级,91.2%,长沙
2024-03-19,星期二,20℃,6℃,多云~晴,北风,2级,30.3%,长沙
2024-03-20,星期三,24℃,11℃,多云,东风,1级,47.2%,长沙
2024-03-21,星期四,18℃,15℃,阴,东南风,3级,72.9%,长沙
2024-03-22,星期五,26℃,17℃,阴~多云,南风,3级,66.7%,长沙
2024-03-23,星期六,31℃,19℃,中雨,南风,4级,88.9%,长沙
2024-03-24,星期日,22℃,15℃,阴~小雨,西北风,2级,96.1%,长沙
2024-03-25,星期一,15℃,8℃,小雨~多云,西北风,4级,86.6%,长沙
2024-03-26,星期二,22℃,12℃,多云,东北风,1级,61.3%,长沙
2024-03-27,星期三,22℃,13℃,阴~大雨,南风,1级,88.6%,长沙
2024-03-28,星期四,26℃,14℃,多云~晴,西北风,2级,12.2%,长沙
2024-03-29,星期五,30℃,19℃,多云~小雨,南风,3级,84.0%,长沙
2024-03-30,星期六,31℃,19℃,阴~中雨,南风,3级,95.9%,长沙
2024-03-31,星期日,29℃,18℃,多云~小雨,西北风,2级,87.5%,长沙
2024-04-01,星期一,24℃,19℃,大雨,东南风,3级,93.7%,长沙
2024-04-02,星期二,28℃,17℃,阴~中雨,西南风,2级,92.4%,长沙
2024-04-03,星期三,17℃,14℃,小雨,西北风,3级,84.6%,长沙
2024-04-04,星期四,15℃,12℃,大雨~小雨,西北风,3级,98.9%,长沙
2024-04-05,星期五,15℃,14℃,小雨,西北风,3级,80.8%,长沙
2024-04-06,星期六,15℃,13℃,小雨,西北风,2级,81.9%,长沙
2024-04-07,星期日,17℃,14℃,阴~小雨,西北风,2级,82.3%,长沙
2024-04-08,星期一,22℃,14℃,阴~多云,西北风,2级,47.9%,长沙
2024-04-09,星期二,22℃,16℃,阴~多云,东北风,1级,61.5%,长沙
2024-04-10,星期三,21℃,17℃,阴~小雨,东南风,2级,84.0%,长沙
2024-04-11,星期四,20℃,17℃,小雨,北风,1级,91.1%,长沙
2024-04-12,星期五,28℃,18℃,阴~小雨,东北风,微,98.7%,长沙
2024-04-13,星期六,25℃,20℃,小雨,东南风,2级,88.1%,长沙
2024-04-14,星期日,29℃,18℃,阴~多云,南风,1级,40.5%,长沙
2024-04-15,星期一,32℃,20℃,阴~大雨,南风,2级,99.7%,长沙
2024-04-16,星期二,22℃,20℃,暴雨~中雨,西北风,2级,89.3%,长沙
2024-04-17,星期三,21℃,18℃,小雨~多云,西北风,3级,99.5%,长沙
2024-04-18,星期四,25℃,19℃,阴~中雨,东南风,2级,88.5%,长沙
2024-04-19,星期五,28℃,18℃,阴~多云,西南风,1级,58.2%,长沙
2024-04-20,星期六,23℃,18℃,阴~小雨,西北风,2级,81.9%,长沙
2024-04-21,星期日,22℃,16℃,小雨~多云,北风,2级,83.3%,长沙
2024-04-22,星期一,26℃,19℃,小雨~阴,南风,1级,93.1%,长沙
2024-04-23,星期二,27℃,18℃,阴~晴,西北风,3级,39.0%,长沙
2024-04-24,星期三,28℃,18℃,阴~小雨,东南风,1级,96.3%,长沙
2024-04-25,星期四,24℃,17℃,阴~多云,西北风,1级,67.1%,长沙
2024-04-26,星期五,28℃,18℃,阴~多云,西北风,1级,49.3%,长沙
2024-04-27,星期六,30℃,19℃,阴,东南风,1级,31.2%,长沙
2024-04-28,星期日,31℃,20℃,阴~小雨,西北风,2级,83.8%,长沙
2024-04-29,星期一,24℃,17℃,暴雨~大雨,北风,2级,98.2%,长沙
2024-04-30,星期二,18℃,13℃,小雨~多云,西北风,4级,93.1%,长沙
2024-05-01,星期三,17℃,14℃,阴~多云,西北风,2级,57.5%,长沙
2024-05-02,星期四,20℃,17℃,小雨,东北风,1级,86.0%,长沙
2024-05-03,星期五,18℃,16℃,中雨~暴雨,东北风,1级,85.1%,长沙
2024-05-04,星期六,18℃,15℃,大雨~小雨,西北风,3级,93.9%,长沙
2024-05-05,星期日,24℃,16℃,小雨~多云,西风,1级,87.5%,长沙
2024-05-06,星期一,29℃,18℃,阴~晴,东南风,2级,15.6%,长沙
2024-05-07,星期二,28℃,20℃,阴~多云,东北风,1级,63.4%,长沙
2024-05-08,星期三,31℃,20℃,阴~多云,东北风,2级,44.5%,长沙
2024-05-09,星期四,24℃,18℃,阴~多云,东南风,2级,49.3%,长沙
2024-05-10,星期五,24℃,22℃,小雨~中雨,东南风,2级,82.5%,长沙
2024-05-11,星期六,24℃,19℃,中雨~阴,西北风,2级,85.9%,长沙
2024-05-12,星期日,28℃,18℃,阴~晴,西北风,3级,3.0%,长沙
2024-05-13,星期一,31℃,15℃,多云~晴,北风,1级,30.1%,长沙
2024-05-14,星期二,32℃,18℃,晴,东南风,2级,37.5%,长沙
2024-05-15,星期三,34℃,18℃,阴~多云,东北风,2级,61.4%,长沙
2024-05-16,星期四,32℃,20℃,阴~晴,东南风,1级,27.9%,长沙
2024-05-17,星期五,31℃,21℃,阴~多云,西南风,3级,61.0%,长沙
2024-05-18,星期六,29℃,21℃,阴~小雨,南风,2级,98.5%,长沙
2024-05-19,星期日,24℃,20℃,中雨~小雨,东北风,2级,84.1%,长沙
2024-05-20,星期一,27℃,20℃,阴~小雨,北风,2级,91.9%,长沙
2024-05-21,星期二,27℃,21℃,阴~小雨,西北风,2级,83.5%,长沙
2024-05-22,星期三,27℃,20℃,阴,西北风,2级,16.1%,长沙
2024-05-23,星期四,32℃,22℃,多云~晴,南风,1级,13.3%,长沙
2024-05-24,星期五,36℃,22℃,多云~晴,东南风,2级,30.7%,长沙
2024-05-25,星期六,35℃,24℃,晴~多云,东南风,2级,36.8%,长沙
2024-05-26,星期日,34℃,23℃,阴~大雨,南风,3级,82.1%,长沙
2024-05-27,星期一,28℃,20℃,小雨~晴,西北风,3级,86.9%,长沙
2024-05-28,星期二,30℃,20℃,阴~晴,东北风,2级,8.5%,长沙
2024-05-29,星期三,30℃,21℃,阴~小雨,东风,2级,95.7%,长沙
2024-05-30,星期四,21℃,19℃,小雨,西北风,3级,92.9%,长沙
2024-05-31,星期五,23℃,21℃,阴~小雨,西北风,2级,98.7%,长沙
2024-03-01,星期五,5℃,1℃,多云,东南风,1级,41.3%,郑州
2024-03-02,星期六,13℃,-1℃,晴,西风,3级,18.6%,郑州
2024-03-03,星期日,14℃,5℃,阴,东南风,2级,73.2%,郑州
2024-03-04,星期一,8℃,4℃,多云~阴,东北风,3级,44.0%,郑州
2024-03-05,星期二,10℃,3℃,多云~阴,东北风,3级,53.5%,郑州
2024-03-06,星期三,5℃,1℃,雨夹雪~多云,东北风,2级,98.1%,郑州
2024-03-07,星期四,15℃,0℃,雾~晴,西北风,4级,70.2%,郑州
2024-03-08,星期五,13℃,1℃,多云~晴,东南风,2级,36.6%,郑州
2024-03-09,星期六,16℃,4℃,晴,南风,3级,22.3%,郑州
2024-03-10,星期日,19℃,9℃,阴~多云,西南风,2级,54.7%,郑州
2024-03-11,星期一,22℃,5℃,晴,西北风,4级,1.8%,郑州
2024-03-12,星期二,16℃,8℃,晴~阴,东北风,2级,18.9%,郑州
2024-03-13,星期三,19℃,7℃,阴~多云,西南风,2级,48.0%,郑州
2024-03-14,星期四,21℃,6℃,雾~多云,东南风,2级,76.5%,郑州
2024-03-15,星期五,18℃,10℃,雾~阴,东南风,3级,76.5%,郑州
2024-03-16,星期六,22℃,12℃,多云~阴,西北风,2级,65.1%,郑州
2024-03-17,星期日,15℃,9℃,阴,东北风,4级,6.9%,郑州
2024-03-18,星期一,18℃,8℃,阴~晴,西风,3级,3.7%,郑州
2024-03-19,星期二,20℃,7℃,晴,西北风,3级,26.3%,郑州
2024-03-20,星期三,19℃,9℃,晴~多云,东风,2级,1.9%,郑州
2024-03-21,星期四,23℃,11℃,多云~晴,西南风,4级,29.5%,郑州
2024-03-22,星期五,21℃,11℃,多云~小雨,东北风,3级,89.2%,郑州
2024-03-23,星期六,15℃,10℃,中雨~小雨,东北风,3级,88.5%,郑州
2024-03-24,星期日,13℃,5℃,阴~小雨,东北风,3级,87.4%,郑州
2024-03-25,星期一,14℃,6℃,阴,东北风,2级,41.2%,郑州
2024-03-26,星期二,20℃,11℃,雾~多云,南风,3级,70.6%,郑州
2024-03-27,星期三,19℃,12℃,阴,西南风,3级,62.0%,郑州
2024-03-28,星期四,26℃,11℃,阴~晴,西风,2级,36.1%,郑州
2024-03-29,星期五,27℃,13℃,阴~晴,西北风,2级,26.3%,郑州
2024-03-30,星期六,23℃,10℃,多云~晴,东北风,3级,18.7%,郑州
2024-03-31,星期日,27℃,15℃,晴~阴,南风,2级,7.0%,郑州
2024-04-01,星期一,28℃,13℃,多云~小雨,东南风,3级,97.0%,郑州
2024-04-02,星期二,16℃,13℃,阴,东北风,3级,83.7%,郑州
2024-04-03,星期三,15℃,9℃,阴,东北风,4级,56.5%,郑州
2024-04-04,星期四,15℃,7℃,阴,东风,2级,18.5%,郑州
2024-04-05,星期五,19℃,10℃,阴~多云,南风,2级,66.2%,郑州
2024-04-06,星期六,24℃,11℃,多云,南风,2级,49.3%,郑州
2024-04-07,星期日,24℃,11℃,多云~晴,东南风,2级,0.3%,郑州
2024-04-08,星期一,26℃,12℃,多云,东南风,2级,69.5%,郑州
2024-04-09,星期二,22℃,13℃,多云~阴,东南风,2级,53.1%,郑州
2024-04-10,星期三,25℃,12℃,多云,西南风,2级,69.9%,郑州
2024-04-11,星期四,26℃,14℃,阴~晴,东南风,2级,34.5%,郑州
2024-04-12,星期五,27℃,14℃,雾~晴,南风,2级,76.2%,郑州
2024-04-13,星期六,26℃,17℃,雾~小雨,东南风,4级,81.5%,郑州
2024-04-14,星期日,23℃,15℃,中雨~晴,东北风,2级,97.0%,郑州
2024-04-15,星期一,28℃,14℃,中雨~晴,西北风,2级,86.5%,郑州
2024-04-16,星期二,26℃,14℃,雾~多云,东风,2级,78.6%,郑州
2024-04-17,星期三,26℃,14℃,多云~晴,东南风,2级,5.6%,郑州
2024-04-18,星期四,27℃,15℃,多云~阴,东南风,3级,52.0%,郑州
2024-04-19,星期五,19℃,13℃,小雨~阴,西北风,1级,92.3%,郑州
2024-04-20,星期六,24℃,15℃,阴~多云,东北风,1级,64.0%,郑州
2024-04-21,星期日,25℃,15℃,多云,东南风,2级,45.6%,郑州
2024-04-22,星期一,27℃,17℃,阴~多云,南风,3级,56.8%,郑州
2024-04-23,星期二,25℃,10℃,多云~晴,西北风,4级,0.4%,郑州
2024-04-24,星期三,28℃,17℃,阴,西南风,3级,34.2%,郑州
2024-04-25,星期四,30℃,16℃,晴,南风,3级,11.6%,郑州
2024-04-26,星期五,31℃,17℃,晴~多云,南风,3级,3.1%,郑州
2024-04-27,星期六,30℃,18℃,多云~阴,东南风,3级,44.6%,郑州
2024-04-28,星期日,22℃,14℃,多云,东北风,3级,59.5%,郑州
2024-04-29,星期一,20℃,12℃,阴~小雨,东北风,2级,92.9%,郑州
2024-04-30,星期二,20℃,10℃,阴~多云,东北风,3级,67.5%,郑州
2024-05-01,星期三,24℃,13℃,多云,西南风,2级,50.0%,郑州
2024-05-02,星期四,25℃,13℃,晴~阴,东南风,3级,34.9%,郑州
2024-05-03,星期五,23℃,14℃,阴,东南风,2级,63.8%,郑州
2024-05-04,星期六,18℃,12℃,阴,西北风,1级,2.2%,郑州
2024-05-05,星期日,25℃,14℃,阴~晴,西北风,3级,29.2%,郑州
2024-05-06,星期一,26℃,15℃,多云~晴,东北风,2级,18.0%,郑州
2024-05-07,星期二,30℃,14℃,多云~晴,东北风,2级,24.0%,郑州
2024-05-08,星期三,29℃,18℃,阴~多云,东南风,2级,58.8%,郑州
2024-05-09,星期四,30℃,19℃,阴~多云,南风,3级,61.4%,郑州
2024-05-10,星期五,31℃,21℃,晴~多云,西南风,4级,0.4%,郑州
2024-05-11,星期六,27℃,14℃,多云,东北风,2级,59.2%,郑州
2024-05-12,星期日,29℃,16℃,晴,东北风,2级,34.5%,郑州
2024-05-13,星期一,32℃,20℃,晴,西南风,3级,37.5%,郑州
2024-05-14,星期二,33℃,18℃,晴~多云,南风,2级,0.9%,郑州
2024-05-15,星期三,25℃,15℃,多云~晴,东北风,4级,8.1%,郑州
2024-05-16,星期四,32℃,21℃,晴,西南风,3级,36.4%,郑州
2024-05-17,星期五,38℃,23℃,阴~晴,西风,2级,15.8%,郑州
2024-05-18,星期六,38℃,24℃,阴~多云,西南风,2级,45.8%,郑州
2024-05-19,星期日,34℃,21℃,阴,南风,3级,32.8%,郑州
2024-05-20,星期一,26℃,18℃,阴,东北风,4级,47.0%,郑州
2024-05-21,星期二,31℃,20℃,多云~晴,东风,2级,30.0%,郑州
2024-05-22,星期三,32℃,20℃,晴,东南风,2级,15.5%,郑州
2024-05-23,星期四,36℃,22℃,晴,南风,2级,31.9%,郑州
2024-05-24,星期五,31℃,21℃,多云,东北风,3级,56.3%,郑州
2024-05-25,星期六,24℃,20℃,多云~中雨,东北风,2级,90.1%,郑州
2024-05-26,星期日,28℃,19℃,多云~阴,东北风,2级,62.1%,郑州
2024-05-27,星期一,30℃,18℃,阴~多云,东风,2级,45.4%,郑州
2024-05-28,星期二,32℃,20℃,阴,东南风,2级,94.3%,郑州
2024-05-29,星期三,27℃,20℃,阴,南风,3级,2.6%,郑州
2024-05-30,星期四,31℃,21℃,阴~晴,西风,1级,6.5%,郑州
2024-05-31,星期五,32℃,21℃,阴~多云,东北风,3级,44.8%,郑州
2024-03-01,星期五,9℃,8℃,阴,东南风,2级,92.3%,重庆
2024-03-02,星期六,15℃,8℃,多云,东南风,1级,65.2%,重庆
2024-03-03,星期日,17℃,11℃,阴~多云,东北风,2级,50.1%,重庆
2024-03-04,星期一,14℃,12℃,阴~多云,东北风,1级,63.3%,重庆
2024-03-05,星期二,15℃,12℃,阴~小雨,西北风,1级,95.2%,重庆
2024-03-06,星期三,13℃,12℃,阴~小雨,北风,微,98.5%,重庆
2024-03-07,星期四,14℃,11℃,阴~小雨,东北风,1级,98.2%,重庆
2024-03-08,星期五,15℃,12℃,阴,东北风,2级,67.0%,重庆
2024-03-09,星期六,15℃,12℃,阴,东南风,1级,22.2%,重庆
2024-03-10,星期日,15℃,10℃,阴~多云,东北风,1级,42.0%,重庆
2024-03-11,星期一,23℃,12℃,阴~多云,东风,1级,42.6%,重庆
2024-03-12,星期二,15℃,14℃,阴~小雨,东北风,1级,83.1%,重庆
2024-03-13,星期三,20℃,13℃,阴,西南风,1级,25.2%,重庆
2024-03-14,星期四,21℃,15℃,阴,东风,1级,50.2%,重庆
2024-03-15,星期五,21℃,16℃,阴~多云,东北风,2级,46.5%,重庆
2024-03-16,星期六,23℃,16℃,阴~小雨,东北风,1级,99.2%,重庆
2024-03-17,星期日,21℃,15℃,阴~小雨,西北风,1级,86.8%,重庆
2024-03-18,星期一,19℃,12℃,小雨~多云,西北风,2级,95.7%,重庆
2024-03-19,星期二,17℃,14℃,阴~多云,东南风,1级,43.0%,重庆
2024-03-20,星期三,20℃,15℃,阴~多云,东南风,微,67.0%,重庆
2024-03-21,星期四,24℃,15℃,阴~多云,南风,1级,65.0%,重庆
2024-03-22,星期五,26℃,15℃,阴~多云,东北风,1级,45.7%,重庆
2024-03-23,星期六,29℃,18℃,阴~多云,西南风,微,56.1%,重庆
2024-03-24,星期日,29℃,15℃,晴~小雨,西北风,2级,82.3%,重庆
2024-03-25,星期一,25℃,15℃,阴~多云,西北风,1级,41.2%,重庆
2024-03-26,星期二,21℃,17℃,阴~小雨,东北风,2级,85.6%,重庆
2024-03-27,星期三,23℃,15℃,阴~多云,东北风,2级,56.3%,重庆
2024-03-28,星期四,26℃,14℃,多云~晴,东风,1级,20.9%,重庆
2024-03-29,星期五,28℃,16℃,阴~晴,东风,1级,36.6%,重庆
2024-03-30,星期六,24℃,16℃,阴~多云,西北风,1级,50.4%,重庆
2024-03-31,星期日,28℃,19℃,多云~中雨,东北风,2级,91.1%,重庆
2024-04-01,星期一,28℃,20℃,阴~中雨,东北风,2级,89.1%,重庆
2024-04-02,星期二,24℃,19℃,小雨~阴,西北风,1级,82.5%,重庆
2024-04-03,星期三,25℃,18℃,雾~大雨,北风,1级,93.7%,重庆
2024-04-04,星期四,19℃,17℃,小雨,西北风,1级,89.4%,重庆
2024-04-05,星期五,21℃,16℃,阴~小雨,东北风,2级,85.2%,重庆
2024-04-06,星期六,19℃,17℃,阴~小雨,东北风,1级,83.6%,重庆
2024-04-07,星期日,17℃,16℃,小雨,西南风,1级,82.0%,重庆
2024-04-08,星期一,22℃,17℃,阴~小雨,南风,1级,83.0%,重庆
2024-04-09,星期二,22℃,18℃,小雨,东北风,2级,81.1%,重庆
2024-04-10,星期三,20℃,18℃,小雨,东北风,1级,85.3%,重庆
2024-04-11,星期四,24℃,18℃,雾~多云,东北风,1级,78.1%,重庆
2024-04-12,星期五,25℃,19℃,阴~中雨,东北风,2级,91.9%,重庆
2024-04-13,星期六,30℃,20℃,雾~多云,东北风,1级,73.1%,重庆
2024-04-14,星期日,31℃,22℃,阴~多云,南风,1级,60.2%,重庆
2024-04-15,星期一,34℃,20℃,多云~中雨,东风,1级,88.9%,重庆
2024-04-16,星期二,22℃,20℃,中雨~多云,西北风,1级,82.6%,重庆
2024-04-17,星期三,26℃,20℃,雾~小雨,东北风,1级,99.8%,重庆
2024-04-18,星期四,28℃,20℃,雾~中雨,东南风,2级,98.0%,重庆
2024-04-19,星期五,26℃,19℃,小雨~多云,西风,2级,82.4%,重庆
2024-04-20,星期六,22℃,19℃,中雨~小雨,西南风,1级,91.6%,重庆
2024-04-21,星期日,20℃,18℃,小雨,东南风,1级,92.6%,重庆
2024-04-22,星期一,21℃,17℃,小雨~阴,东南风,1级,99.0%,重庆
2024-04-23,星期二,25℃,19℃,小雨~中雨,东北风,1级,99.5%,重庆
2024-04-24,星期三,20℃,19℃,小雨,东北风,2级,96.6%,重庆
2024-04-25,星期四,22℃,18℃,多云~阴,东南风,1级,50.9%,重庆
2024-04-26,星期五,28℃,19℃,多云~小雨,东北风,1级,89.4%,重庆
2024-04-27,星期六,28℃,19℃,多云~晴,东南风,1级,2.3%,重庆
2024-04-28,星期日,32℃,20℃,晴~大雨,东北风,2级,95.4%,重庆
2024-04-29,星期一,25℃,17℃,阴,西风,2级,40.0%,重庆
2024-04-30,星期二,19℃,16℃,阴~小雨,西北风,2级,86.1%,重庆
2024-05-01,星期三,18℃,15℃,小雨,东北风,1级,80.6%,重庆
2024-05-02,星期四,20℃,17℃,雾~小雨,东北风,2级,95.8%,重庆
2024-05-03,星期五,21℃,17℃,阴~小雨,东北风,1级,96.5%,重庆
2024-05-04,星期六,21℃,16℃,小雨~多云,西南风,1级,89.8%,重庆
2024-05-05,星期日,27℃,18℃,雾~阴,东北风,1级,72.3%,重庆
2024-05-06,星期一,28℃,20℃,阴,东北风,1级,22.9%,重庆
2024-05-07,星期二,30℃,21℃,多云~阴,西南风,1级,60.7%,重庆
2024-05-08,星期三,27℃,21℃,多云~小雨,西南风,1级,96.6%,重庆
2024-05-09,星期四,26℃,21℃,多云~小雨,东北风,1级,88.3%,重庆
2024-05-10,星期五,26℃,20℃,阴~小雨,东北风,1级,91.8%,重庆
2024-05-11,星期六,22℃,19℃,小雨,西风,2级,96.9%,重庆
2024-05-12,星期日,22℃,17℃,小雨~多云,西南风,3级,96.8%,重庆
2024-05-13,星期一,29℃,17℃,雾~多云,东风,1级,77.0%,重庆
2024-05-14,星期二,31℃,20℃,多云~小雨,东北风,2级,93.6%,重庆
2024-05-15,星期三,31℃,20℃,阴~多云,东北风,1级,58.8%,重庆
2024-05-16,星期四,30℃,21℃,阴~多云,东南风,2级,64.7%,重庆
2024-05-17,星期五,32℃,22℃,阴~小雨,东北风,1级,95.9%,重庆
2024-05-18,星期六,25℃,21℃,中雨~小雨,北风,1级,86.9%,重庆
2024-05-19,星期日,28℃,21℃,雾~多云,西北风,2级,79.8%,重庆
2024-05-20,星期一,27℃,21℃,多云~小雨,东北风,2级,90.0%,重庆
2024-05-21,星期二,28℃,22℃,阴~多云,东北风,2级,44.6%,重庆
2024-05-22,星期三,32℃,21℃,多云~晴,东北风,1级,3.6%,重庆
2024-05-23,星期四,35℃,23℃,晴,东风,1级,18.1%,重庆
2024-05-24,星期五,37℃,24℃,晴,东风,2级,39.3%,重庆
2024-05-25,星期六,38℃,25℃,小雨~大雨,东南风,3级,93.6%,重庆
2024-05-26,星期日,30℃,24℃,阴~多云,西南风,2级,51.6%,重庆
2024-05-27,星期一,31℃,25℃,小雨~阴,东南风,1级,81.0%,重庆
2024-05-28,星期二,28℃,20℃,阴~中雨,东南风,1级,86.9%,重庆
2024-05-29,星期三,20℃,18℃,小雨,东北风,3级,91.3%,重庆
2024-05-30,星期四,25℃,19℃,小雨~多云,南风,1级,80.4%,重庆
2024-05-31,星期五,27℃,19℃,多云,东北风,1级,44.7%,重庆
2024-03-01,星期五,10℃,8℃,阴,北风,4级,85.2%,广州
2024-03-02,星期六,11℃,10℃,阴~多云,北风,3级,58.8%,广州
2024-03-03,星期日,13℃,12℃,阴,东风,1级,88.7%,广州
2024-03-04,星期一,19℃,18℃,小雨~阴,东南风,3级,97.5%,广州
2024-03-05,星期二,26℃,15℃,阴~小雨,南风,3级,98.5%,广州
2024-03-06,星期三,19℃,13℃,阴,北风,4级,82.1%,广州
2024-03-07,星期四,17℃,13℃,阴~多云,北风,3级,52.3%,广州
2024-03-08,星期五,22℃,14℃,阴,北风,2级,11.5%,广州
2024-03-09,星期六,15℃,13℃,中雨,东北风,2级,92.9%,广州
2024-03-10,星期日,14℃,12℃,暴雨~中雨,东北风,2级,96.7%,广州
2024-03-11,星期一,18℃,11℃,中雨~多云,西北风,2级,89.8%,广州
2024-03-12,星期二,26℃,12℃,晴~多云,东北风,2级,18.2%,广州
2024-03-13,星期三,23℃,15℃,小雨,东南风,3级,87.3%,广州
2024-03-14,星期四,22℃,17℃,阴~小雨,东南风,2级,98.4%,广州
2024-03-15,星期五,21℃,18℃,阴,东南风,2级,30.1%,广州
2024-03-16,星期六,23℃,19℃,阴~多云,东南风,2级,61.2%,广州
2024-03-17,星期日,26℃,20℃,阴~多云,南风,2级,50.7%,广州
2024-03-18,星期一,26℃,15℃,阴~小雨,东南风,3级,94.9%,广州
2024-03-19,星期二,23℃,12℃,阴~多云,北风,4级,44.9%,广州
2024-03-20,星期三,26℃,14℃,多云,东北风,2级,58.3%,广州
2024-03-21,星期四,25℃,17℃,阴~多云,东南风,3级,61.0%,广州
2024-03-22,星期五,24℃,19℃,阴~多云,东南风,3级,45.4%,广州
2024-03-23,星期六,26℃,20℃,阴~多云,东南风,3级,69.7%,广州
2024-03-24,星期日,30℃,23℃,阴~多云,东南风,3级,60.2%,广州
2024-03-25,星期一,28℃,21℃,阴~阵雨,东南风,2级,99.2%,广州
2024-03-26,星期二,31℃,21℃,阴~多云,北风,2级,43.8%,广州
2024-03-27,星期三,26℃,22℃,阴,东南风,3级,79.8%,广州
2024-03-28,星期四,29℃,21℃,阴~多云,西南风,2级,68.9%,广州
2024-03-29,星期五,30℃,21℃,阴~雷阵雨,西南风,1级,80.3%,广州
2024-03-30,星期六,29℃,21℃,阴~中雨,南风,3级,80.1%,广州
2024-03-31,星期日,30℃,22℃,阴~雷阵雨,西南风,3级,83.3%,广州
2024-04-01,星期一,28℃,24℃,阴~多云,南风,4级,50.5%,广州
2024-04-02,星期二,30℃,25℃,阴~多云,南风,4级,53.4%,广州
2024-04-03,星期三,28℃,24℃,阴~雷阵雨,南风,4级,85.2%,广州
2024-04-04,星期四,29℃,23℃,阴~大雨,南风,3级,96.0%,广州
2024-04-05,星期五,24℃,21℃,阴~暴雨,西南风,1级,97.3%,广州
2024-04-06,星期六,22℃,20℃,阴~大雨,东南风,3级,80.6%,广州
2024-04-07,星期日,22℃,20℃,阴~中雨,西北风,1级,89.6%,广州
2024-04-08,星期一,21℃,20℃,阴~阵雨,西北风,2级,81.0%,广州
2024-04-09,星期二,25℃,19℃,多云,东北风,2级,43.1%,广州
2024-04-10,星期三,28℃,21℃,阴~多云,东南风,1级,47.4%,广州
2024-04-11,星期四,30℃,21℃,阴~多云,南风,2级,40.6%,广州
2024-04-12,星期五,29℃,22℃,阴~多云,南风,2级,43.6%,广州
2024-04-13,星期六,31℃,22℃,阴~多云,南风,3级,52.7%,广州
2024-04-14,星期日,30℃,23℃,阴~多云,东南风,3级,50.8%,广州
2024-04-15,星期一,31℃,23℃,阴~多云,南风,3级,53.3%,广州
2024-04-16,星期二,33℃,23℃,阴~多云,西南风,3级,67.3%,广州
2024-04-17,星期三,32℃,23℃,阴~中雨,西南风,3级,87.1%,广州
2024-04-18,星期四,27℃,23℃,暴雨~中雨,西南风,2级,97.1%,广州
2024-04-19,星期五,27℃,23℃,小雨~中雨,南风,4级,85.2%,广州
2024-04-20,星期六,27℃,23℃,大暴雨~暴雨,南风,4级,81.9%,广州
2024-04-21,星期日,22℃,21℃,大雨~暴雨,东南风,2级,98.9%,广州
2024-04-22,星期一,26℃,22℃,小雨~中雨,西南风,1级,87.2%,广州
2024-04-23,星期二,27℃,23℃,暴雨~雷阵雨,西北风,1级,90.0%,广州
2024-04-24,星期三,27℃,22℃,阴~大雨,东北风,1级,89.1%,广州
2024-04-25,星期四,30℃,22℃,小雨~大雨,西南风,4级,81.3%,广州
2024-04-26,星期五,29℃,22℃,中雨~雷阵雨,西南风,2级,82.3%,广州
2024-04-27,星期六,29℃,23℃,中雨,南风,3级,92.5%,广州
2024-04-28,星期日,25℃,23℃,暴雨~中雨,南风,3级,86.6%,广州
2024-04-29,星期一,28℃,22℃,小雨~中雨,南风,3级,95.5%,广州
2024-04-30,星期二,27℃,23℃,小雨~中雨,西南风,3级,92.8%,广州
2024-05-01,星期三,22℃,21℃,小雨~雷阵雨,北风,2级,90.4%,广州
2024-05-02,星期四,22℃,20℃,阴~雷阵雨,东北风,2级,92.8%,广州
2024-05-03,星期五,24℃,21℃,阴~中雨,东南风,2级,93.2%,广州
2024-05-04,星期六,23℃,21℃,暴雨~大雨,东南风,3级,99.7%,广州
2024-05-05,星期日,28℃,22℃,阴~多云,东南风,1级,40.3%,广州
2024-05-06,星期一,32℃,23℃,阴~雷阵雨,西北风,1级,88.7%,广州
2024-05-07,星期二,31℃,22℃,阴~中雨,西北风,1级,86.1%,广州
2024-05-08,星期三,29℃,22℃,小雨~雷阵雨,东北风,2级,83.5%,广州
2024-05-09,星期四,29℃,22℃,阴~雷阵雨,东南风,2级,90.8%,广州
2024-05-10,星期五,28℃,23℃,阴~多云,东南风,3级,64.1%,广州
2024-05-11,星期六,31℃,23℃,阴~中雨,东南风,2级,83.2%,广州
2024-05-12,星期日,27℃,23℃,中雨~阵雨,西南风,1级,86.0%,广州
2024-05-13,星期一,30℃,20℃,阴~晴,北风,3级,29.8%,广州
2024-05-14,星期二,32℃,19℃,多云~晴,东风,2级,12.2%,广州
2024-05-15,星期三,32℃,20℃,阴~多云,东北风,2级,42.9%,广州
2024-05-16,星期四,31℃,21℃,阴~多云,东南风,2级,67.7%,广州
2024-05-17,星期五,28℃,22℃,小雨~阵雨,东南风,2级,97.7%,广州
2024-05-18,星期六,27℃,22℃,阴~小雨,东北风,3级,89.1%,广州
2024-05-19,星期日,24℃,21℃,小雨~暴雨,东北风,3级,85.0%,广州
2024-05-20,星期一,23℃,22℃,暴雨~中雨,东北风,2级,94.7%,广州
2024-05-21,星期二,24℃,22℃,中雨~阵雨,东北风,2级,97.3%,广州
2024-05-22,星期三,29℃,23℃,阴~阵雨,东北风,2级,98.6%,广州
2024-05-23,星期四,27℃,23℃,多云~雷阵雨,东南风,2级,85.0%,广州
2024-05-24,星期五,24℃,23℃,暴雨~雷阵雨,东南风,3级,89.9%,广州
2024-05-25,星期六,31℃,23℃,阴~雷阵雨,东南风,2级,84.1%,广州
2024-05-26,星期日,30℃,24℃,小雨~中雨,东南风,2级,98.5%,广州
2024-05-27,星期一,31℃,24℃,大雨~暴雨,西南风,3级,88.8%,广州
2024-05-28,星期二,30℃,24℃,阴~阵雨,东北风,2级,87.4%,广州
2024-05-29,星期三,30℃,23℃,阴~多云,东南风,3级,57.9%,广州
2024-05-30,星期四,30℃,24℃,阴~阵雨,东风,2级,97.8%,广州
2024-05-31,星期五,31℃,24℃,多云~暴雨,东南风,3级,92.0%,广州
2024-03-01,星期五,8℃,1℃,雾~多云,东北风,2级,76.4%,武汉
2024-03-02,星期六,11℃,1℃,雾~多云,西南风,2级,78.3%,武汉
2024-03-03,星期日,14℃,8℃,雾~多云,东南风,3级,77.0%,武汉
2024-03-04,星期一,11℃,9℃,小雨,东北风,2级,96.5%,武汉
2024-03-05,星期二,9℃,6℃,多云,北风,3级,64.6%,武汉
2024-03-06,星期三,11℃,4℃,多云,东北风,3级,52.4%,武汉
2024-03-07,星期四,16℃,2℃,雾~多云,西北风,2级,78.9%,武汉
2024-03-08,星期五,17℃,6℃,雾~多云,东北风,2级,75.6%,武汉
2024-03-09,星期六,15℃,5℃,阴~晴,东南风,2级,16.7%,武汉
2024-03-10,星期日,19℃,7℃,雾~多云,东南风,2级,75.4%,武汉
2024-03-11,星期一,21℃,6℃,雾~晴,西风,3级,77.2%,武汉
2024-03-12,星期二,22℃,10℃,雾~晴,东北风,2级,70.4%,武汉
2024-03-13,星期三,20℃,9℃,阴~多云,东南风,1级,42.5%,武汉
2024-03-14,星期四,21℃,12℃,雾~多云,西北风,1级,76.6%,武汉
2024-03-15,星期五,21℃,12℃,雾~多云,东南风,3级,70.5%,武汉
2024-03-16,星期六,21℃,15℃,多云~小雨,西南风,1级,87.2%,武汉
2024-03-17,星期日,16℃,8℃,小雨,东北风,3级,99.3%,武汉
2024-03-18,星期一,12℃,3℃,中雨~晴,北风,3级,99.8%,武汉
2024-03-19,星期二,19℃,6℃,雾~晴,西北风,2级,76.9%,武汉
2024-03-20,星期三,22℃,7℃,雾~多云,东南风,2级,76.8%,武汉
2024-03-21,星期四,23℃,13℃,晴,南风,3级,26.5%,武汉
2024-03-22,星期五,26℃,19℃,阴~小雨,东南风,3级,86.7%,武汉
2024-03-23,星期六,28℃,15℃,阴~中雨,南风,3级,83.2%,武汉
2024-03-24,星期日,18℃,10℃,小雨~大雨,东北风,3级,93.5%,武汉
2024-03-25,星期一,13℃,4℃,小雨~晴,北风,3级,84.3%,武汉
2024-03-26,星期二,18℃,11℃,雾~小雨,东北风,2级,89.3%,武汉
2024-03-27,星期三,14℃,12℃,小雨~阴,东风,1级,84.1%,武汉
2024-03-28,星期四,23℃,15℃,雾~晴,西风,3级,72.2%,武汉
2024-03-29,星期五,29℃,16℃,多云~阴,西南风,3级,69.3%,武汉
2024-03-30,星期六,31℃,17℃,多云~小雨,西南风,2级,93.0%,武汉
2024-03-31,星期日,27℃,16℃,雾~晴,西南风,2级,79.5%,武汉
2024-04-01,星期一,26℃,17℃,中雨~大雨,东南风,4级,90.5%,武汉
2024-04-02,星期二,22℃,13℃,中雨~小雨,东南风,2级,93.2%,武汉
2024-04-03,星期三,20℃,13℃,阴,北风,4级,76.6%,武汉
2024-04-04,星期四,15℃,11℃,阴,东北风,3级,14.3%,武汉
2024-04-05,星期五,19℃,11℃,阴,东北风,1级,22.6%,武汉
2024-04-06,星期六,18℃,13℃,雾~阴,西北风,1级,76.1%,武汉
2024-04-07,星期日,19℃,13℃,雾~多云,西北风,1级,74.6%,武汉
2024-04-08,星期一,21℃,11℃,雾~晴,北风,3级,72.1%,武汉
2024-04-09,星期二,23℃,14℃,阴~晴,东南风,3级,7.8%,武汉
2024-04-10,星期三,23℃,16℃,阴~多云,西南风,1级,67.5%,武汉
2024-04-11,星期四,22℃,15℃,小雨~多云,西南风,微,92.4%,武汉
2024-04-12,星期五,25℃,15℃,雾~晴,西南风,2级,75.9%,武汉
2024-04-13,星期六,23℃,18℃,雾~小雨,东南风,3级,96.2%,武汉
2024-04-14,星期日,27℃,16℃,雾~多云,西南风,2级,78.4%,武汉
2024-04-15,星期一,30℃,20℃,雾~小雨,东南风,2级,84.3%,武汉
2024-04-16,星期二,24℃,18℃,阴~小雨,东南风,2级,83.7%,武汉
2024-04-17,星期三,24℃,15℃,小雨~晴,东北风,3级,80.9%,武汉
2024-04-18,星期四,24℃,18℃,雾~小雨,东南风,3级,93.9%,武汉
2024-04-19,星期五,21℃,16℃,中雨~多云,东风,1级,96.2%,武汉
2024-04-20,星期六,25℃,17℃,雾~晴,东北风,3级,71.6%,武汉
2024-04-21,星期日,25℃,16℃,阴~晴,东风,2级,4.5%,武汉
2024-04-22,星期一,26℃,17℃,阴~小雨,东南风,2级,90.9%,武汉
2024-04-23,星期二,27℃,12℃,阴~晴,西北风,2级,35.7%,武汉
2024-04-24,星期三,27℃,17℃,阴~多云,东南风,3级,68.2%,武汉
2024-04-25,星期四,26℃,18℃,多云,东南风,2级,45.1%,武汉
2024-04-26,星期五,29℃,18℃,多云~晴,东南风,1级,23.9%,武汉
2024-04-27,星期六,30℃,20℃,雾~中雨,东南风,3级,85.4%,武汉
2024-04-28,星期日,25℃,17℃,暴雨~晴,东北风,3级,88.4%,武汉
2024-04-29,星期一,23℃,16℃,雾~大雨,东北风,3级,94.9%,武汉
2024-04-30,星期二,15℃,12℃,小雨,东北风,5级,91.8%,武汉
2024-05-01,星期三,20℃,14℃,雾~多云,东北风,1级,74.4%,武汉
2024-05-02,星期四,22℃,17℃,雾~小雨,东风,2级,86.4%,武汉
2024-05-03,星期五,18℃,16℃,小雨~中雨,东风,3级,93.1%,武汉
2024-05-04,星期六,16℃,15℃,中雨~小雨,西北风,2级,93.3%,武汉
2024-05-05,星期日,22℃,15℃,雾~阴,西风,2级,75.2%,武汉
2024-05-06,星期一,28℃,18℃,多云~晴,南风,2级,4.7%,武汉
2024-05-07,星期二,30℃,17℃,雾~晴,东北风,2级,75.3%,武汉
2024-05-08,星期三,30℃,16℃,阴~晴,东北风,3级,7.6%,武汉
2024-05-09,星期四,29℃,17℃,阴~多云,东南风,3级,42.8%,武汉
2024-05-10,星期五,27℃,20℃,小雨~大雨,南风,3级,80.7%,武汉
2024-05-11,星期六,25℃,16℃,小雨~晴,北风,2级,94.2%,武汉
2024-05-12,星期日,29℃,16℃,阴~多云,东北风,2级,66.1%,武汉
2024-05-13,星期一,29℃,15℃,晴,东南风,3级,26.3%,武汉
2024-05-14,星期二,31℃,16℃,晴,东南风,2级,14.3%,武汉
2024-05-15,星期三,29℃,14℃,多云,东北风,3级,54.8%,武汉
2024-05-16,星期四,29℃,20℃,阴~晴,东南风,3级,7.3%,武汉
2024-05-17,星期五,32℃,21℃,晴,西南风,3级,14.2%,武汉
2024-05-18,星期六,32℃,22℃,阴~多云,东南风,2级,66.6%,武汉
2024-05-19,星期日,31℃,22℃,雾~小雨,东南风,2级,98.9%,武汉
2024-05-20,星期一,28℃,22℃,阴~晴,西南风,1级,31.9%,武汉
2024-05-21,星期二,28℃,21℃,阴~晴,东北风,2级,10.9%,武汉
2024-05-22,星期三,28℃,21℃,小雨~多云,东风,2级,98.6%,武汉
2024-05-23,星期四,31℃,21℃,阴~晴,西南风,2级,1.9%,武汉
2024-05-24,星期五,34℃,24℃,晴,东南风,2级,29.3%,武汉
2024-05-25,星期六,35℃,25℃,多云~晴,东南风,3级,7.1%,武汉
2024-05-26,星期日,33℃,22℃,中雨~大雨,西南风,2级,98.9%,武汉
2024-05-27,星期一,29℃,15℃,雾~晴,东北风,4级,74.5%,武汉
2024-05-28,星期二,29℃,18℃,阴~多云,东风,2级,69.5%,武汉
2024-05-29,星期三,30℃,20℃,阴~中雨,东南风,3级,90.2%,武汉
2024-05-30,星期四,20℃,19℃,中雨~小雨,西北风,2级,83.4%,武汉
2024-05-31,星期五,25℃,20℃,小雨~晴,东南风,1级,91.5%,武汉
