表名,字段名称,字段类型,字段长度,键码,能否为空,字段意义
t_role,id,bigint,20,PK,否,主键ID
t_role,code,varchar,50,UK,否,角色编码
t_user,id,bigint,20,PK,否,主键ID
t_user,username,varchar,50,UK,否,用户名
t_user,password,varchar,100,-,否,密码
t_user,nickname,varchar,50,-,是,昵称
t_user,role_code,varchar,50,-,是,角色编码
t_user,reputation,int,11,-,是,信誉积分
t_user,avatar,varchar,255,-,是,头像URL
t_user,tags,varchar,500,-,是,运动标签
t_user,gender,varchar,10,-,是,性别
t_user,level,varchar,20,-,是,水平
t_user,phone,varchar,20,-,是,联系电话
t_user,created_at,datetime,-,-,是,创建时间
t_admin,id,bigint,20,PK,否,主键ID
t_admin,username,varchar,50,UK,否,用户名
t_admin,password,varchar,100,-,否,密码
t_admin,nickname,varchar,50,-,是,昵称
t_admin,role_code,varchar,50,-,是,角色编码
t_admin,avatar,varchar,255,-,是,头像URL
t_admin,phone,varchar,20,-,是,联系电话
t_admin,created_at,datetime,-,-,是,创建时间
t_stadium,id,bigint,20,PK,否,主键ID
t_stadium,name,varchar,100,-,否,场地名称
t_stadium,lat,double,-,-,是,纬度
t_stadium,lng,double,-,-,是,经度
t_stadium,capacity,int,11,-,否,最大容纳人数
t_stadium,price,decimal,"10,2",-,否,每场每小时价格
t_stadium,facilities,varchar,500,-,是,设施备注
t_stadium,description,text,-,-,是,详细描述
t_stadium,image_urls,text,-,-,是,图片URL
t_stadium,video_url,varchar,255,-,是,视频URL
t_stadium,admin_id,bigint,20,-,是,管理员ID
t_stadium,status,varchar,20,-,是,状态
t_stadium,type,varchar,20,-,是,类型
t_stadium,address,varchar,255,-,是,详细地址
t_stadium,contact_phone,varchar,20,-,是,联系电话
t_stadium,rating_avg,decimal,"3,1",-,是,平均评分
t_booking,id,bigint,20,PK,否,主键ID
t_booking,user_id,bigint,20,"FK,IDX",否,预订用户ID
t_booking,stadium_id,bigint,20,IDX,否,场地ID
t_booking,start_time,datetime,-,IDX,否,开始时间
t_booking,end_time,datetime,-,-,否,结束时间
t_booking,slots,int,11,-,是,预订人数位置数
t_booking,status,varchar,20,-,是,状态
t_booking,total_price,decimal,"10,2",-,是,总费用
t_booking,created_at,datetime,-,-,是,创建时间
t_rating,id,bigint,20,PK,否,主键ID
t_rating,user_id,bigint,20,FK,否,用户ID
t_rating,stadium_id,bigint,20,IDX,否,场地ID
t_rating,score,int,11,-,否,评分
t_rating,comment,varchar,500,-,是,评价内容
t_rating,created_at,datetime,-,-,是,创建时间
t_team,id,bigint,20,PK,否,主键ID
t_team,name,varchar,100,-,否,球队名称
t_team,creator_id,bigint,20,"FK,IDX",否,创建者ID
t_team,slogan,varchar,255,-,是,口号
t_team,description,text,-,-,是,球队简介
t_team,logo_url,varchar,255,-,是,队徽URL
t_team,level,varchar,50,-,是,水平
t_team,area,varchar,100,-,是,区域
t_team,created_at,timestamp,-,-,是,创建时间
t_team_member,id,bigint,20,PK,否,主键ID
t_team_member,team_id,bigint,20,"FK,UK",否,球队ID
t_team_member,user_id,bigint,20,"FK,UK",否,用户ID
t_team_member,role,varchar,20,-,是,成员角色
t_team_member,status,varchar,20,-,是,审核状态
t_team_member,join_time,datetime,-,-,是,加入时间
t_recruitment,id,bigint,20,PK,否,主键ID
t_recruitment,team_id,bigint,20,FK,否,球队ID
t_recruitment,title,varchar,100,-,否,招募标题
t_recruitment,content,text,-,-,否,招募要求
t_recruitment,status,varchar,20,-,是,状态
t_recruitment,created_at,datetime,-,-,是,创建时间
t_tournament,id,bigint,20,PK,否,主键ID
t_tournament,name,varchar,100,-,否,赛事名称
t_tournament,organizer_id,bigint,20,FK,否,组织者ID
t_tournament,type,varchar,20,-,是,赛事类型
t_tournament,status,varchar,20,-,是,赛事状态
t_tournament,start_date,date,-,-,是,开始日期
t_tournament,end_date,date,-,-,是,结束日期
t_tournament,description,text,-,-,是,描述
t_tournament_team,id,bigint,20,PK,否,主键ID
t_tournament_team,tournament_id,bigint,20,"FK,UK",否,赛事ID
t_tournament_team,team_id,bigint,20,"FK,UK",否,球队ID
t_tournament_team,points,int,11,-,是,积分
t_tournament_team,wins,int,11,-,是,胜场
t_tournament_team,draws,int,11,-,是,平场
t_tournament_team,losses,int,11,-,是,负场
t_tournament_team,goals_for,int,11,-,是,进球
t_tournament_team,goals_against,int,11,-,是,失球
t_match,id,bigint,20,PK,否,主键ID
t_match,tournament_id,bigint,20,FK,否,赛事ID
t_match,home_team_id,bigint,20,FK,否,主队ID
t_match,away_team_id,bigint,20,FK,否,客队ID
t_match,stadium_id,bigint,20,FK,是,场地ID
t_match,start_time,datetime,-,-,是,开始时间
t_match,home_score,int,11,-,是,主队得分
t_match,away_score,int,11,-,是,客队得分
t_match,status,varchar,20,-,是,比赛状态
t_coach,id,bigint,20,PK,否,主键ID
t_coach,name,varchar,100,-,是,教练姓名
t_coach,specialty,varchar,100,-,是,特长
t_coach,experience,varchar,100,-,是,经验
t_coach,qualification,varchar,100,-,是,资质
t_coach,phone,varchar,20,-,是,联系电话
t_coach,image_url,longtext,-,-,是,头像图片数据
t_coach,description,text,-,-,是,简介
t_coach,rating,double,-,-,是,评分
t_coach,price,decimal,"10,2",-,是,课时费
t_coach,admin_id,bigint,20,-,是,所属管理员ID
t_rehab,id,bigint,20,PK,否,主键ID
t_rehab,name,varchar,100,-,是,机构名称
t_rehab,type,varchar,100,-,是,机构类型
t_rehab,address,varchar,255,-,是,机构地址
t_rehab,phone,varchar,20,-,是,联系电话
t_rehab,image_url,longtext,-,-,是,图片数据
t_rehab,description,text,-,-,是,机构简介
t_rehab,rating,double,-,-,是,评分
t_post,id,bigint,20,PK,否,主键ID
t_post,user_id,bigint,20,FK,否,用户ID
t_post,content,text,-,-,否,动态内容
t_post,image_urls,text,-,-,是,图片链接
t_post,likes,int,11,-,是,点赞数
t_post,created_at,datetime,-,-,是,创建时间
t_comment,id,bigint,20,PK,否,主键ID
t_comment,post_id,bigint,20,"FK,IDX",否,动态ID
t_comment,user_id,bigint,20,FK,否,用户ID
t_comment,content,varchar,500,-,否,评论内容
t_comment,created_at,datetime,-,-,是,创建时间
t_event,id,bigint,20,PK,否,主键ID
t_event,title,varchar,255,-,否,活动标题
t_event,stadium_name,varchar,255,-,是,场地名称
t_event,stadium_id,bigint,20,FK,是,场地ID
t_event,start_time,datetime,-,-,是,开始时间
t_event,end_time,datetime,-,-,是,结束时间
t_event,status,varchar,20,-,是,状态
t_event,description,text,-,-,是,活动描述
t_event,max_people,int,11,-,是,最多人数
t_event,fee,decimal,"10,2",-,是,费用
t_event,image_url,longtext,-,-,是,图片URL
t_event,creator_id,bigint,20,FK,是,创建者ID
t_event_registration,id,bigint,20,PK,否,主键ID
t_event_registration,event_id,bigint,20,FK,否,活动ID
t_event_registration,user_id,bigint,20,FK,否,用户ID
t_event_registration,username,varchar,50,-,是,用户名
t_event_registration,team_name,varchar,100,-,是,球队名
t_event_registration,player_count,int,11,-,是,报名人数
t_event_registration,contact_phone,varchar,20,-,是,联系电话
t_event_registration,remarks,text,-,-,是,备注
t_event_registration,registration_time,datetime,-,-,是,报名时间
t_event_registration,status,varchar,20,-,是,状态
t_coach_booking,id,bigint,20,PK,否,主键ID
t_coach_booking,coach_id,bigint,20,FK,是,教练ID
t_coach_booking,coach_name,varchar,100,-,是,教练名
t_coach_booking,merchant_id,bigint,20,-,是,场地方ID
t_coach_booking,start_time,datetime,-,-,是,开始时间
t_coach_booking,end_time,datetime,-,-,是,结束时间
t_coach_booking,status,varchar,20,-,是,预约状态
t_coach_booking,price,decimal,"10,2",-,是,价格
t_coach_booking,user_id,bigint,20,FK,是,用户ID
t_coach_booking,user_nickname,varchar,100,-,是,用户昵称
t_coach_booking,team_id,bigint,20,FK,是,球队ID
t_coach_booking,team_name,varchar,100,-,是,球队名
t_coach_booking,remarks,text,-,-,是,备注
t_coach_booking,created_at,datetime,-,-,是,创建时间
t_pickup,id,bigint,20,PK,否,主键ID
t_pickup,owner_user_id,bigint,20,FK,否,发起人用户ID
t_pickup,stadium_id,bigint,20,-,是,场地ID
t_pickup,stadium_name,varchar,255,-,是,场地名称
t_pickup,address,varchar,255,-,是,地址
t_pickup,start_time,datetime,-,-,是,开始时间
t_pickup,end_time,datetime,-,-,是,结束时间
t_pickup,need_slots,int,11,-,是,需求名额
t_pickup,joined_slots,int,11,-,是,已加入名额
t_pickup,note,varchar,500,-,是,备注
t_pickup,status,varchar,20,-,是,状态
t_pickup_member,id,bigint,20,PK,否,主键ID
t_pickup_member,pickup_id,bigint,20,"FK,UK",否,拼场ID
t_pickup_member,user_id,bigint,20,"FK,UK",否,用户ID
t_pickup_member,joined_at,datetime,-,-,是,加入时间
t_pickup_member,slots,int,11,-,是,席位数
